player_id,player_name,season,team_name,position,height,weight,birth_date,age,games,minutes_per_game,points_per_game,rebounds_per_game,assists_per_game,steals_per_game,blocks_per_game,turnovers_per_game,fg_pct,three_pct,ft_pct,offensive_rating,defensive_rating,net_rating,true_shooting_pct,usage_rate,plus_minus,finals_appearances,championships,era
947,Allen Iverson,2000-01,PHI,Guard,6-0,165,1975-06-07,25,71.0,41.9,31.1,3.8,4.6,2.5,0.3,3.3,0.42,0.32,0.814,102.6,96.5,6.1,0.518,0.349,5.2,0,0,Early Modern Era
947,Allen Iverson,2001-02,PHI,Guard,6-0,165,1975-06-07,26,60.0,43.7,31.4,4.5,5.5,2.8,0.2,4.0,0.398,0.291,0.812,102.1,96.6,5.5,0.489,0.365,4.7,0,0,Early Modern Era
947,Allen Iverson,2002-03,PHI,Guard,6-0,165,1975-06-07,27,82.0,42.5,27.6,4.2,5.5,2.7,0.2,3.5,0.414,0.277,0.774,103.3,100.6,2.7,0.5,0.324,2.2,0,0,Early Modern Era
947,Allen Iverson,2003-04,PHI,Guard,6-0,165,1975-06-07,28,48.0,42.6,26.4,3.7,6.8,2.4,0.1,4.4,0.387,0.286,0.745,98.1,100.6,-2.5,0.478,0.339,-1.9,0,0,Early Modern Era
947,Allen Iverson,2004-05,PHI,Guard,6-0,165,1975-06-07,29,75.0,42.3,30.7,4.0,7.9,2.4,0.1,4.6,0.424,0.308,0.835,103.3,103.2,0.2,0.532,0.344,0.2,0,0,Early Modern Era
947,Allen Iverson,2005-06,PHI,Guard,6-0,165,1975-06-07,30,72.0,43.1,33.0,3.2,7.4,1.9,0.1,3.4,0.447,0.323,0.814,106.7,106.5,0.1,0.543,0.35,-0.1,0,0,Pace Transition Era
947,Allen Iverson,2006-07,DEN,Guard,6-0,165,1975-06-07,31,65.0,42.5,26.3,3.0,7.2,1.9,0.2,4.1,0.442,0.315,0.795,104.6,104.9,-0.2,0.54,0.288,-0.2,0,0,Pace Transition Era
947,Allen Iverson,2007-08,DEN,Guard,6-0,165,1975-06-07,32,82.0,41.8,26.4,3.0,7.1,2.0,0.1,3.0,0.458,0.345,0.809,109.7,104.7,5.1,0.567,0.263,4.4,0,0,Pace Transition Era
947,Allen Iverson,2008-09,DET,Guard,6-0,165,1975-06-07,33,57.0,36.7,17.5,3.0,5.0,1.5,0.1,2.6,0.417,0.283,0.781,102.1,103.6,-1.5,0.504,0.258,-0.8,0,0,Pace Transition Era
947,Allen Iverson,2009-10,PHI,Guard,6-0,165,1975-06-07,34,28.0,30.9,13.8,2.8,4.0,0.7,0.1,2.3,0.43,0.36,0.794,101.9,105.2,-3.3,0.515,0.225,-1.5,0,0,Pace Transition Era
2405,Amar'e Stoudemire,2002-03,PHX,Forward-Center,6-10,245,1982-11-16,19,82.0,31.3,13.5,8.8,1.0,0.8,1.1,2.3,0.472,0.2,0.661,102.2,101.6,0.6,0.53,0.211,0.1,0,0,Early Modern Era
2405,Amar'e Stoudemire,2003-04,PHX,Forward-Center,6-10,245,1982-11-16,20,55.0,36.8,20.6,9.0,1.4,1.2,1.6,3.2,0.475,0.2,0.713,101.8,104.7,-2.9,0.536,0.273,-2.3,0,0,Early Modern Era
2405,Amar'e Stoudemire,2004-05,PHX,Forward-Center,6-10,245,1982-11-16,21,80.0,36.1,26.0,8.9,1.6,1.0,1.6,2.4,0.559,0.188,0.733,116.0,105.5,10.4,0.617,0.283,7.6,0,0,Early Modern Era
2405,Amar'e Stoudemire,2005-06,PHX,Forward-Center,6-10,245,1982-11-16,22,3.0,16.8,8.7,5.3,0.7,0.3,1.0,0.3,0.333,0.0,0.889,100.0,100.9,-0.9,0.42,0.274,-1.3,0,0,Pace Transition Era
2405,Amar'e Stoudemire,2006-07,PHX,Forward-Center,6-10,245,1982-11-16,23,82.0,32.8,20.4,9.6,1.0,1.0,1.3,2.8,0.575,0.0,0.781,113.9,105.6,8.3,0.637,0.252,5.5,0,0,Pace Transition Era
2405,Amar'e Stoudemire,2007-08,PHX,Forward-Center,6-10,245,1982-11-16,24,79.0,33.9,25.2,9.1,1.5,0.8,2.1,2.2,0.59,0.161,0.805,116.0,107.9,8.1,0.656,0.278,5.3,0,0,Pace Transition Era
2405,Amar'e Stoudemire,2008-09,PHX,Forward-Center,6-10,245,1982-11-16,25,53.0,36.8,21.4,8.1,2.0,0.9,1.1,2.8,0.539,0.429,0.835,110.3,107.2,3.0,0.617,0.245,2.2,0,0,Pace Transition Era
2405,Amar'e Stoudemire,2009-10,PHX,Forward-Center,6-10,245,1982-11-16,26,82.0,34.6,23.1,8.9,1.0,0.6,1.0,2.6,0.557,0.167,0.771,114.8,109.4,5.4,0.615,0.27,3.9,0,0,Pace Transition Era
2405,Amar'e Stoudemire,2010-11,NYK,Forward-Center,6-10,245,1982-11-16,27,78.0,36.8,25.3,8.2,2.6,0.9,1.9,3.2,0.502,0.435,0.792,111.2,109.9,1.3,0.565,0.307,0.8,0,0,Pace Transition Era
2405,Amar'e Stoudemire,2011-12,NYK,Forward-Center,6-10,245,1982-11-16,28,47.0,32.8,17.5,7.8,1.1,0.8,1.0,2.4,0.483,0.238,0.765,99.9,101.8,-1.9,0.541,0.248,-0.9,0,0,Pace Transition Era
2405,Amar'e Stoudemire,2012-13,NYK,Forward-Center,6-10,245,1982-11-16,29,29.0,23.5,14.2,5.0,0.4,0.3,0.7,1.7,0.577,0.0,0.808,107.6,104.9,2.7,0.637,0.254,0.9,0,0,Three Point Era
2405,Amar'e Stoudemire,2013-14,NYK,Forward-Center,6-10,245,1982-11-16,30,65.0,22.6,11.9,4.9,0.5,0.4,0.6,1.4,0.557,0.0,0.739,103.6,109.8,-6.2,0.596,0.236,-2.4,0,0,Three Point Era
2405,Amar'e Stoudemire,2014-15,DAL,Forward-Center,6-10,245,1982-11-16,31,59.0,21.1,11.5,5.6,0.8,0.5,0.6,1.3,0.557,0.0,0.72,103.8,106.3,-2.5,0.595,0.232,-0.9,0,0,Three Point Era
2405,Amar'e Stoudemire,2015-16,MIA,Forward-Center,6-10,245,1982-11-16,32,52.0,14.7,5.8,4.3,0.5,0.3,0.8,0.9,0.566,0.0,0.746,103.6,103.6,0.0,0.599,0.176,0.2,0,0,Three Point Era
2738,Andre Iguodala,2004-05,PHI,Guard-Forward,6-6,215,1984-01-28,20,82.0,32.7,9.0,5.7,3.0,1.7,0.6,1.7,0.493,0.331,0.743,101.8,101.8,0.0,0.58,0.127,-0.2,0,0,Early Modern Era
2738,Andre Iguodala,2005-06,PHI,Guard-Forward,6-6,215,1984-01-28,21,82.0,37.6,12.3,5.9,3.1,1.6,0.3,1.9,0.5,0.354,0.754,105.5,104.9,0.5,0.598,0.145,-0.1,0,0,Pace Transition Era
2738,Andre Iguodala,2006-07,PHI,Guard-Forward,6-6,215,1984-01-28,22,76.0,40.3,18.2,5.7,5.7,2.0,0.4,3.4,0.447,0.31,0.82,102.2,105.6,-3.5,0.562,0.224,-2.8,0,0,Pace Transition Era
2738,Andre Iguodala,2007-08,PHI,Guard-Forward,6-6,215,1984-01-28,23,82.0,39.5,19.9,5.4,4.8,2.1,0.6,2.6,0.456,0.329,0.721,104.3,104.1,0.2,0.543,0.236,0.1,0,0,Pace Transition Era
2738,Andre Iguodala,2008-09,PHI,Guard-Forward,6-6,215,1984-01-28,24,82.0,39.9,18.8,5.7,5.3,1.6,0.4,2.7,0.473,0.307,0.724,106.3,104.2,2.1,0.56,0.221,1.5,0,0,Pace Transition Era
2738,Andre Iguodala,2009-10,PHI,Guard-Forward,6-6,215,1984-01-28,25,82.0,38.9,17.1,6.5,5.8,1.7,0.7,2.7,0.443,0.31,0.733,104.1,108.2,-4.1,0.535,0.215,-3.2,0,0,Pace Transition Era
2738,Andre Iguodala,2010-11,PHI,Guard-Forward,6-6,215,1984-01-28,26,67.0,36.8,14.1,5.8,6.3,1.5,0.6,2.1,0.445,0.337,0.693,105.3,101.9,3.4,0.53,0.191,2.4,0,0,Pace Transition Era
2738,Andre Iguodala,2011-12,PHI,Guard-Forward,6-6,215,1984-01-28,27,62.0,35.6,12.4,6.1,5.5,1.7,0.5,1.9,0.454,0.394,0.617,102.2,97.0,5.2,0.537,0.176,3.5,0,0,Pace Transition Era
2738,Andre Iguodala,2012-13,DEN,Guard-Forward,6-6,215,1984-01-28,28,80.0,34.7,13.0,5.3,5.4,1.7,0.7,2.6,0.451,0.317,0.574,109.0,102.2,6.9,0.52,0.186,4.8,0,0,Three Point Era
2738,Andre Iguodala,2013-14,GSW,Guard-Forward,6-6,215,1984-01-28,29,63.0,32.4,9.3,4.7,4.2,1.5,0.3,1.6,0.48,0.354,0.652,110.9,97.4,13.5,0.57,0.133,9.0,0,0,Three Point Era
2738,Andre Iguodala,2014-15,GSW,Guard-Forward,6-6,215,1984-01-28,30,77.0,26.9,7.8,3.3,3.0,1.2,0.3,1.1,0.466,0.349,0.596,108.5,98.0,10.5,0.553,0.131,5.7,1,1,Three Point Era
2738,Andre Iguodala,2015-16,GSW,Guard-Forward,6-6,215,1984-01-28,31,65.0,26.6,7.0,4.0,3.4,1.1,0.3,1.2,0.478,0.351,0.614,112.7,99.6,13.2,0.565,0.117,7.0,1,0,Three Point Era
2738,Andre Iguodala,2016-17,GSW,Guard-Forward,6-6,215,1984-01-28,32,76.0,26.3,7.6,4.0,3.4,1.0,0.5,0.8,0.528,0.362,0.706,114.1,101.7,12.4,0.624,0.111,6.9,1,1,Three Point Era
2738,Andre Iguodala,2017-18,GSW,Guard-Forward,6-6,215,1984-01-28,33,64.0,25.4,6.0,3.8,3.3,0.8,0.6,1.0,0.463,0.282,0.632,109.1,101.3,7.9,0.536,0.112,4.3,1,1,Three Point Era
2738,Andre Iguodala,2018-19,GSW,Guard-Forward,6-6,215,1984-01-28,34,68.0,23.2,5.7,3.7,3.2,0.9,0.8,0.8,0.5,0.333,0.582,113.4,104.4,9.0,0.587,0.101,4.6,1,0,Three Point Era
2738,Andre Iguodala,2019-20,MIA,Guard-Forward,6-6,215,1984-01-28,35,21.0,19.9,4.6,3.7,2.4,0.7,1.0,1.2,0.432,0.298,0.4,106.9,108.8,-1.9,0.507,0.121,-1.2,0,0,Three Point Era
203076,Anthony Davis,2012-13,NOH,Forward-Center,6-10,253,1993-03-11,19,64.0,28.8,13.5,8.2,1.0,1.2,1.8,1.4,0.516,0.0,0.751,104.0,107.8,-3.8,0.559,0.212,-2.4,0,0,Three Point Era
203076,Anthony Davis,2013-14,NOP,Forward-Center,6-10,253,1993-03-11,20,67.0,35.2,20.8,10.0,1.6,1.3,2.8,1.6,0.519,0.222,0.791,106.6,108.7,-2.1,0.582,0.25,-1.7,0,0,Three Point Era
203076,Anthony Davis,2014-15,NOP,Forward-Center,6-10,253,1993-03-11,21,68.0,36.1,24.4,10.2,2.2,1.5,2.9,1.4,0.535,0.083,0.805,109.9,103.8,6.1,0.591,0.272,3.9,0,0,Three Point Era
203076,Anthony Davis,2015-16,NOP,Forward-Center,6-10,253,1993-03-11,22,61.0,35.5,24.3,10.3,1.9,1.3,2.0,2.0,0.493,0.324,0.758,103.7,107.8,-4.1,0.559,0.29,-3.3,0,0,Three Point Era
203076,Anthony Davis,2016-17,NOP,Forward-Center,6-10,253,1993-03-11,23,75.0,36.1,28.0,11.8,2.1,1.3,2.2,2.4,0.505,0.299,0.802,105.2,104.1,1.1,0.58,0.321,0.7,0,0,Three Point Era
203076,Anthony Davis,2017-18,NOP,Forward-Center,6-10,253,1993-03-11,24,75.0,36.4,28.1,11.1,2.3,1.5,2.6,2.2,0.534,0.34,0.828,109.2,104.3,5.0,0.612,0.291,3.9,0,0,Three Point Era
203076,Anthony Davis,2018-19,NOP,Forward-Center,6-10,253,1993-03-11,25,56.0,33.0,25.9,12.0,3.9,1.6,2.4,2.0,0.517,0.331,0.794,113.5,110.1,3.4,0.597,0.288,2.4,0,0,Three Point Era
203076,Anthony Davis,2019-20,LAL,Forward-Center,6-10,253,1993-03-11,26,62.0,34.4,26.1,9.3,3.2,1.5,2.3,2.5,0.503,0.33,0.846,111.3,106.4,5.0,0.61,0.284,3.9,0,0,Three Point Era
1112,Ben Wallace,2000-01,DET,Forward-Center,6-9,240,1974-09-10,26,80.0,34.5,6.4,13.2,1.5,1.3,2.3,1.5,0.491,0.25,0.336,99.5,98.7,0.7,0.471,0.104,0.5,0,0,Early Modern Era
1112,Ben Wallace,2001-02,DET,Forward-Center,6-9,240,1974-09-10,27,80.0,36.5,7.6,13.0,1.4,1.7,3.5,0.9,0.531,0.0,0.423,102.4,99.4,3.0,0.522,0.104,1.9,0,0,Early Modern Era
1112,Ben Wallace,2002-03,DET,Forward-Center,6-9,240,1974-09-10,28,73.0,39.3,6.9,15.4,1.6,1.4,3.2,1.2,0.481,0.167,0.45,101.2,96.6,4.6,0.486,0.101,3.0,0,0,Early Modern Era
1112,Ben Wallace,2003-04,DET,Forward-Center,6-9,240,1974-09-10,29,81.0,37.8,9.5,12.4,1.7,1.8,3.0,1.5,0.421,0.125,0.49,100.4,93.2,7.3,0.441,0.15,5.4,1,1,Early Modern Era
1112,Ben Wallace,2004-05,DET,Forward-Center,6-9,240,1974-09-10,30,74.0,36.1,9.7,12.2,1.7,1.4,2.4,1.1,0.453,0.111,0.428,105.1,98.0,7.1,0.459,0.15,4.6,0,0,Early Modern Era
1112,Ben Wallace,2005-06,DET,Forward-Center,6-9,240,1974-09-10,31,82.0,35.2,7.3,11.3,1.9,1.8,2.2,1.1,0.51,0.0,0.416,109.6,98.0,11.6,0.501,0.113,7.3,0,0,Pace Transition Era
1112,Ben Wallace,2006-07,CHI,Forward-Center,6-9,240,1974-09-10,32,77.0,35.0,6.4,10.7,2.4,1.4,2.0,1.3,0.453,0.2,0.408,102.9,99.6,3.3,0.456,0.107,2.2,0,0,Pace Transition Era
1112,Ben Wallace,2007-08,CLE,Forward-Center,6-9,240,1974-09-10,33,72.0,30.6,4.8,8.4,1.5,1.2,1.6,0.9,0.392,0.0,0.426,101.0,104.2,-3.2,0.408,0.1,-1.8,0,0,Pace Transition Era
1112,Ben Wallace,2008-09,CLE,Forward-Center,6-9,240,1974-09-10,34,56.0,23.5,2.9,6.5,0.8,0.9,1.3,0.6,0.445,0.0,0.422,113.6,95.7,17.9,0.45,0.077,7.7,0,0,Pace Transition Era
1112,Ben Wallace,2009-10,DET,Forward-Center,6-9,240,1974-09-10,35,69.0,28.6,5.5,8.7,1.5,1.2,1.2,0.9,0.541,0.0,0.406,104.5,105.7,-1.3,0.526,0.099,-0.7,0,0,Pace Transition Era
1112,Ben Wallace,2010-11,DET,Forward-Center,6-9,240,1974-09-10,36,54.0,22.9,2.9,6.5,1.3,1.0,1.0,0.8,0.45,0.5,0.333,102.2,109.9,-7.6,0.442,0.082,-3.2,0,0,Pace Transition Era
1112,Ben Wallace,2011-12,DET,Forward-Center,6-9,240,1974-09-10,37,62.0,15.8,1.4,4.3,0.7,0.8,0.8,0.5,0.395,0.25,0.34,92.8,97.8,-5.0,0.398,0.068,-1.7,0,0,Pace Transition Era
201933,Blake Griffin,2010-11,LAC,Forward,6-9,250,1989-03-16,21,82.0,37.9,22.5,12.1,3.8,0.8,0.5,2.7,0.506,0.292,0.642,105.9,108.0,-2.2,0.549,0.27,-1.8,0,0,Pace Transition Era
201933,Blake Griffin,2011-12,LAC,Forward,6-9,250,1989-03-16,22,66.0,36.2,20.7,10.9,3.2,0.8,0.7,2.3,0.549,0.125,0.521,111.0,103.6,7.4,0.557,0.262,5.1,0,0,Pace Transition Era
201933,Blake Griffin,2012-13,LAC,Forward,6-9,250,1989-03-16,23,80.0,32.5,18.0,8.3,3.7,1.2,0.6,2.3,0.538,0.179,0.66,113.0,105.0,8.0,0.572,0.25,4.8,0,0,Three Point Era
201933,Blake Griffin,2013-14,LAC,Forward,6-9,250,1989-03-16,24,80.0,35.8,24.1,9.5,3.9,1.2,0.6,2.8,0.528,0.273,0.715,112.9,103.1,9.8,0.583,0.286,7.1,0,0,Three Point Era
201933,Blake Griffin,2014-15,LAC,Forward,6-9,250,1989-03-16,25,67.0,35.2,21.9,7.6,5.3,0.9,0.5,2.3,0.502,0.4,0.728,116.9,104.7,12.2,0.551,0.278,8.7,0,0,Three Point Era
201933,Blake Griffin,2015-16,LAC,Forward,6-9,250,1989-03-16,26,35.0,33.4,21.4,8.4,4.9,0.8,0.5,2.4,0.499,0.333,0.727,108.6,101.3,7.3,0.544,0.289,5.1,0,0,Three Point Era
201933,Blake Griffin,2016-17,LAC,Forward,6-9,250,1989-03-16,27,61.0,34.0,21.6,8.1,4.9,0.9,0.4,2.3,0.493,0.336,0.76,116.7,106.2,10.5,0.569,0.276,7.2,0,0,Three Point Era
201933,Blake Griffin,2017-18,DET,Forward,6-9,250,1989-03-16,28,58.0,34.0,21.4,7.4,5.8,0.7,0.3,2.8,0.438,0.345,0.785,108.9,107.0,1.9,0.544,0.285,1.0,0,0,Three Point Era
201933,Blake Griffin,2018-19,DET,Forward,6-9,250,1989-03-16,29,75.0,35.0,24.5,7.5,5.4,0.7,0.4,3.4,0.462,0.362,0.753,109.8,109.3,0.5,0.581,0.296,0.5,0,0,Three Point Era
201933,Blake Griffin,2019-20,DET,Forward,6-9,250,1989-03-16,30,18.0,28.5,15.5,4.7,3.3,0.4,0.4,2.2,0.352,0.243,0.776,109.3,111.9,-2.6,0.476,0.277,-1.4,0,0,Three Point Era
2546,Carmelo Anthony,2003-04,DEN,Forward,6-7,238,1984-05-29,19,82.0,36.5,21.0,6.1,2.8,1.2,0.5,3.0,0.426,0.322,0.777,103.6,102.5,1.1,0.509,0.282,0.8,0,0,Early Modern Era
2546,Carmelo Anthony,2004-05,DEN,Forward,6-7,238,1984-05-29,20,75.0,34.8,20.8,5.7,2.6,0.9,0.4,3.0,0.431,0.266,0.796,105.3,102.3,3.0,0.526,0.286,2.2,0,0,Early Modern Era
2546,Carmelo Anthony,2005-06,DEN,Forward,6-7,238,1984-05-29,21,80.0,36.8,26.5,4.9,2.7,1.1,0.5,2.7,0.481,0.243,0.808,104.7,104.1,0.6,0.563,0.313,0.1,0,0,Pace Transition Era
2546,Carmelo Anthony,2006-07,DEN,Forward,6-7,238,1984-05-29,22,65.0,38.2,28.9,6.0,3.8,1.2,0.4,3.6,0.476,0.268,0.808,108.7,107.0,1.7,0.552,0.328,1.4,0,0,Pace Transition Era
2546,Carmelo Anthony,2007-08,DEN,Forward,6-7,238,1984-05-29,23,77.0,36.4,25.7,7.4,3.4,1.3,0.5,3.3,0.492,0.354,0.786,109.3,106.6,2.7,0.568,0.296,2.1,0,0,Pace Transition Era
2546,Carmelo Anthony,2008-09,DEN,Forward,6-7,238,1984-05-29,24,66.0,34.5,22.8,6.8,3.4,1.1,0.4,3.0,0.443,0.371,0.793,111.4,105.0,6.5,0.532,0.313,4.6,0,0,Pace Transition Era
2546,Carmelo Anthony,2009-10,DEN,Forward,6-7,238,1984-05-29,25,69.0,38.2,28.2,6.6,3.2,1.3,0.4,3.0,0.458,0.316,0.83,111.7,106.2,5.5,0.548,0.327,4.1,0,0,Pace Transition Era
2546,Carmelo Anthony,2010-11,NYK,Forward,6-7,238,1984-05-29,26,77.0,35.7,25.6,7.3,2.9,0.9,0.6,2.7,0.455,0.378,0.838,112.2,108.4,3.8,0.557,0.318,2.4,0,0,Pace Transition Era
2546,Carmelo Anthony,2011-12,NYK,Forward,6-7,238,1984-05-29,27,55.0,34.1,22.6,6.3,3.6,1.1,0.4,2.6,0.43,0.335,0.804,104.1,101.5,2.5,0.525,0.311,2.0,0,0,Pace Transition Era
2546,Carmelo Anthony,2012-13,NYK,Forward,6-7,238,1984-05-29,28,67.0,37.0,28.7,6.9,2.6,0.8,0.5,2.6,0.449,0.379,0.83,112.0,105.8,6.2,0.56,0.349,4.6,0,0,Three Point Era
2546,Carmelo Anthony,2013-14,NYK,Forward,6-7,238,1984-05-29,29,77.0,38.7,27.4,8.1,3.1,1.2,0.7,2.6,0.452,0.402,0.848,108.3,107.1,1.3,0.561,0.318,1.4,0,0,Three Point Era
2546,Carmelo Anthony,2014-15,NYK,Forward,6-7,238,1984-05-29,30,40.0,35.7,24.2,6.6,3.1,1.0,0.4,2.2,0.444,0.341,0.797,106.5,111.0,-4.5,0.531,0.319,-2.7,0,0,Three Point Era
2546,Carmelo Anthony,2015-16,NYK,Forward,6-7,238,1984-05-29,31,72.0,35.1,21.8,7.7,4.2,0.9,0.5,2.4,0.434,0.339,0.829,106.5,107.4,-0.9,0.53,0.291,-0.6,0,0,Three Point Era
2546,Carmelo Anthony,2016-17,NYK,Forward,6-7,238,1984-05-29,32,74.0,34.3,22.4,5.9,2.9,0.8,0.5,2.1,0.433,0.359,0.833,107.8,112.7,-4.8,0.535,0.286,-3.1,0,0,Three Point Era
2546,Carmelo Anthony,2017-18,OKC,Forward,6-7,238,1984-05-29,33,78.0,32.1,16.2,5.8,1.3,0.6,0.6,1.3,0.404,0.357,0.767,111.6,106.4,5.2,0.503,0.223,3.5,0,0,Three Point Era
2546,Carmelo Anthony,2018-19,HOU,Forward,6-7,238,1984-05-29,34,10.0,29.4,13.4,5.4,0.5,0.4,0.7,0.8,0.405,0.328,0.682,102.3,112.2,-9.9,0.513,0.199,-6.3,0,0,Three Point Era
2546,Carmelo Anthony,2019-20,POR,Forward,6-7,238,1984-05-29,35,58.0,32.8,15.4,6.3,1.5,0.8,0.5,1.7,0.43,0.385,0.845,113.6,113.0,0.6,0.525,0.214,0.3,0,0,Three Point Era
1497,Chauncey Billups,2000-01,MIN,Guard,6-3,210,1976-09-25,24,77.0,23.3,9.3,2.1,3.4,0.7,0.1,1.4,0.422,0.376,0.842,103.0,101.7,1.3,0.538,0.194,0.4,0,0,Early Modern Era
1497,Chauncey Billups,2001-02,MIN,Guard,6-3,210,1976-09-25,25,82.0,28.7,12.5,2.8,5.5,0.8,0.2,1.7,0.423,0.394,0.885,107.6,104.3,3.4,0.555,0.202,2.1,0,0,Early Modern Era
1497,Chauncey Billups,2002-03,DET,Guard,6-3,210,1976-09-25,26,74.0,31.5,16.2,3.7,3.9,0.9,0.2,1.8,0.421,0.392,0.878,103.2,98.9,4.2,0.582,0.237,2.3,0,0,Early Modern Era
1497,Chauncey Billups,2003-04,DET,Guard,6-3,210,1976-09-25,27,78.0,35.5,16.9,3.5,5.7,1.1,0.1,2.4,0.394,0.388,0.878,101.1,93.8,7.3,0.55,0.229,5.3,1,1,Early Modern Era
1497,Chauncey Billups,2004-05,DET,Guard,6-3,210,1976-09-25,28,80.0,35.9,16.5,3.4,5.8,1.0,0.1,2.3,0.442,0.426,0.898,104.7,98.3,6.4,0.609,0.203,4.4,0,0,Early Modern Era
1497,Chauncey Billups,2005-06,DET,Guard,6-3,210,1976-09-25,29,81.0,36.1,18.5,3.1,8.6,0.9,0.1,2.1,0.418,0.433,0.894,111.3,100.5,10.8,0.602,0.225,7.3,0,0,Pace Transition Era
1497,Chauncey Billups,2006-07,DET,Guard,6-3,210,1976-09-25,30,70.0,36.2,17.0,3.4,7.2,1.2,0.2,2.0,0.427,0.345,0.883,110.5,103.0,7.5,0.591,0.212,5.3,0,0,Pace Transition Era
1497,Chauncey Billups,2007-08,DET,Guard,6-3,210,1976-09-25,31,78.0,32.3,17.0,2.7,6.8,1.3,0.2,2.1,0.448,0.401,0.918,112.2,101.4,10.8,0.619,0.227,6.7,0,0,Pace Transition Era
1497,Chauncey Billups,2008-09,DEN,Guard,6-3,210,1976-09-25,32,79.0,35.3,17.7,3.0,6.4,1.2,0.2,2.2,0.418,0.408,0.913,111.6,106.3,5.3,0.592,0.216,3.6,0,0,Pace Transition Era
1497,Chauncey Billups,2009-10,DEN,Guard,6-3,210,1976-09-25,33,73.0,34.1,19.5,3.1,5.6,1.1,0.1,2.4,0.418,0.386,0.91,111.6,107.1,4.5,0.601,0.239,2.9,0,0,Pace Transition Era
1497,Chauncey Billups,2010-11,NYK,Guard,6-3,210,1976-09-25,34,72.0,32.1,16.8,2.6,5.4,1.0,0.2,2.5,0.427,0.402,0.916,112.0,109.1,2.9,0.617,0.221,1.7,0,0,Pace Transition Era
1497,Chauncey Billups,2011-12,LAC,Guard,6-3,210,1976-09-25,35,20.0,30.3,15.0,2.5,4.0,0.5,0.2,1.9,0.364,0.384,0.895,107.5,101.0,6.4,0.554,0.226,4.1,0,0,Pace Transition Era
1497,Chauncey Billups,2012-13,LAC,Guard,6-3,210,1976-09-25,36,22.0,19.0,8.4,1.5,2.2,0.5,0.0,1.2,0.402,0.367,0.938,113.2,107.9,5.2,0.601,0.194,2.1,0,0,Three Point Era
1497,Chauncey Billups,2013-14,DET,Guard,6-3,210,1976-09-25,37,19.0,16.3,3.8,1.5,2.2,0.4,0.1,1.3,0.304,0.292,0.833,100.3,107.3,-7.0,0.427,0.152,-2.2,0,0,Three Point Era
2547,Chris Bosh,2003-04,TOR,Forward,6-11,235,1984-03-24,19,75.0,33.6,11.5,7.4,1.0,0.8,1.4,1.4,0.459,0.357,0.701,95.6,98.8,-3.2,0.513,0.18,-2.2,0,0,Early Modern Era
2547,Chris Bosh,2004-05,TOR,Forward,6-11,235,1984-03-24,20,81.0,37.2,16.8,8.9,1.9,0.9,1.4,2.3,0.471,0.3,0.76,105.8,106.1,-0.4,0.547,0.217,-0.2,0,0,Early Modern Era
2547,Chris Bosh,2005-06,TOR,Forward,6-11,235,1984-03-24,21,70.0,39.3,22.5,9.2,2.6,0.7,1.1,2.2,0.505,0.0,0.816,109.5,110.5,-1.0,0.585,0.252,-0.8,0,0,Pace Transition Era
2547,Chris Bosh,2006-07,TOR,Forward,6-11,235,1984-03-24,22,69.0,38.5,22.6,10.7,2.5,0.6,1.3,2.6,0.496,0.343,0.785,107.5,103.8,3.8,0.577,0.266,2.7,0,0,Pace Transition Era
2547,Chris Bosh,2007-08,TOR,Forward,6-11,235,1984-03-24,23,67.0,36.2,22.3,8.7,2.6,0.9,1.0,2.3,0.494,0.4,0.844,112.2,103.8,8.4,0.588,0.282,5.4,0,0,Pace Transition Era
2547,Chris Bosh,2008-09,TOR,Forward,6-11,235,1984-03-24,24,77.0,38.0,22.7,10.0,2.5,0.9,1.0,2.3,0.487,0.245,0.817,107.0,108.4,-1.3,0.569,0.268,-1.1,0,0,Pace Transition Era
2547,Chris Bosh,2009-10,TOR,Forward,6-11,235,1984-03-24,25,70.0,36.1,24.0,10.8,2.4,0.6,1.0,2.4,0.518,0.364,0.797,110.9,110.6,0.3,0.592,0.285,0.1,0,0,Pace Transition Era
2547,Chris Bosh,2010-11,MIA,Forward,6-11,235,1984-03-24,26,77.0,36.3,18.7,8.3,1.9,0.8,0.6,1.8,0.496,0.24,0.815,111.7,100.5,11.2,0.569,0.232,7.9,1,0,Pace Transition Era
2547,Chris Bosh,2011-12,MIA,Forward,6-11,235,1984-03-24,27,57.0,35.2,18.0,7.9,1.8,0.9,0.8,2.1,0.487,0.286,0.821,107.7,97.7,10.0,0.551,0.239,6.8,1,1,Pace Transition Era
2547,Chris Bosh,2012-13,MIA,Forward,6-11,235,1984-03-24,28,74.0,33.2,16.6,6.8,1.7,0.9,1.4,1.7,0.535,0.284,0.798,112.2,102.4,9.8,0.592,0.225,6.4,1,1,Three Point Era
2547,Chris Bosh,2013-14,MIA,Forward,6-11,235,1984-03-24,29,79.0,32.0,16.2,6.6,1.1,1.0,1.0,1.6,0.516,0.339,0.82,110.9,102.0,8.9,0.597,0.224,5.7,1,0,Three Point Era
2547,Chris Bosh,2014-15,MIA,Forward,6-11,235,1984-03-24,30,44.0,35.4,21.1,7.0,2.2,0.9,0.6,2.2,0.46,0.375,0.772,101.6,105.8,-4.1,0.548,0.282,-2.3,0,0,Three Point Era
2547,Chris Bosh,2015-16,MIA,Forward,6-11,235,1984-03-24,31,53.0,33.5,19.1,7.4,2.4,0.7,0.6,1.5,0.467,0.365,0.795,101.5,101.0,0.5,0.571,0.247,0.5,0,0,Three Point Era
101108,Chris Paul,2005-06,NOK,Guard,6-0,175,1985-05-06,20,78.0,36.0,16.1,5.1,7.8,2.2,0.1,2.3,0.43,0.282,0.847,101.4,104.5,-3.2,0.546,0.216,-2.3,0,0,Pace Transition Era
101108,Chris Paul,2006-07,NOK,Guard,6-0,175,1985-05-06,21,64.0,36.8,17.3,4.4,8.9,1.8,0.0,2.5,0.437,0.35,0.818,106.7,107.8,-1.1,0.537,0.223,-0.7,0,0,Pace Transition Era
101108,Chris Paul,2007-08,NOH,Guard,6-0,175,1985-05-06,22,80.0,37.6,21.1,4.0,11.6,2.7,0.1,2.5,0.488,0.369,0.851,113.3,105.3,8.0,0.576,0.251,6.0,0,0,Pace Transition Era
101108,Chris Paul,2008-09,NOH,Guard,6-0,175,1985-05-06,23,78.0,38.5,22.8,5.5,11.0,2.8,0.1,3.0,0.503,0.364,0.868,111.1,104.6,6.5,0.599,0.271,4.5,0,0,Pace Transition Era
101108,Chris Paul,2009-10,NOH,Guard,6-0,175,1985-05-06,24,45.0,38.1,18.7,4.2,10.7,2.1,0.2,2.5,0.493,0.409,0.847,107.9,107.3,0.6,0.584,0.223,0.2,0,0,Pace Transition Era
101108,Chris Paul,2010-11,NOH,Guard,6-0,175,1985-05-06,25,80.0,36.0,15.9,4.1,9.8,2.4,0.1,2.2,0.463,0.388,0.878,107.8,103.4,4.4,0.578,0.206,3.2,0,0,Pace Transition Era
101108,Chris Paul,2011-12,LAC,Guard,6-0,175,1985-05-06,26,60.0,36.3,19.8,3.6,9.1,2.5,0.1,2.1,0.478,0.371,0.861,111.4,104.1,7.4,0.581,0.237,5.5,0,0,Pace Transition Era
101108,Chris Paul,2012-13,LAC,Guard,6-0,175,1985-05-06,27,70.0,33.4,16.9,3.7,9.7,2.4,0.1,2.3,0.481,0.328,0.885,114.3,104.5,9.7,0.594,0.223,6.2,0,0,Three Point Era
101108,Chris Paul,2013-14,LAC,Guard,6-0,175,1985-05-06,28,62.0,35.0,19.1,4.3,10.7,2.5,0.1,2.3,0.467,0.368,0.855,113.2,101.9,11.3,0.58,0.23,8.5,0,0,Three Point Era
101108,Chris Paul,2014-15,LAC,Guard,6-0,175,1985-05-06,29,82.0,34.8,19.1,4.6,10.2,1.9,0.2,2.3,0.485,0.398,0.9,116.7,104.0,12.7,0.596,0.232,8.9,0,0,Three Point Era
101108,Chris Paul,2015-16,LAC,Guard,6-0,175,1985-05-06,30,74.0,32.7,19.5,4.2,10.0,2.1,0.2,2.6,0.462,0.371,0.896,112.3,101.3,11.0,0.575,0.265,7.5,0,0,Three Point Era
101108,Chris Paul,2016-17,LAC,Guard,6-0,175,1985-05-06,31,61.0,31.5,18.1,5.0,9.2,2.0,0.1,2.4,0.476,0.411,0.892,117.3,102.8,14.4,0.614,0.239,9.5,0,0,Three Point Era
101108,Chris Paul,2017-18,HOU,Guard,6-0,175,1985-05-06,32,58.0,31.8,18.6,5.4,7.9,1.7,0.2,2.2,0.46,0.38,0.919,116.6,103.3,13.2,0.604,0.241,8.6,0,0,Three Point Era
101108,Chris Paul,2018-19,HOU,Guard,6-0,175,1985-05-06,33,58.0,32.0,15.6,4.6,8.2,2.0,0.3,2.6,0.419,0.358,0.862,112.4,104.2,8.3,0.56,0.22,5.2,0,0,Three Point Era
101108,Chris Paul,2019-20,OKC,Guard,6-0,175,1985-05-06,34,70.0,31.5,17.6,5.0,6.7,1.6,0.2,2.3,0.489,0.365,0.907,114.0,107.1,6.9,0.61,0.228,4.7,0,0,Three Point Era
203081,Damian Lillard,2012-13,POR,Guard,6-2,200,1990-07-15,22,82.0,38.6,19.0,3.1,6.5,0.9,0.2,3.0,0.429,0.368,0.844,106.3,107.8,-1.5,0.546,0.237,-0.8,0,0,Three Point Era
203081,Damian Lillard,2013-14,POR,Guard,6-2,200,1990-07-15,23,82.0,35.8,20.7,3.5,5.6,0.8,0.3,2.4,0.424,0.394,0.871,111.5,105.5,6.0,0.568,0.244,4.4,0,0,Three Point Era
203081,Damian Lillard,2014-15,POR,Guard,6-2,200,1990-07-15,24,82.0,35.7,21.0,4.6,6.2,1.2,0.3,2.7,0.434,0.343,0.864,108.9,103.6,5.3,0.56,0.262,3.7,0,0,Three Point Era
203081,Damian Lillard,2015-16,POR,Guard,6-2,200,1990-07-15,25,75.0,35.7,25.1,4.0,6.8,0.9,0.4,3.2,0.419,0.375,0.892,109.4,107.8,1.6,0.56,0.304,1.3,0,0,Three Point Era
203081,Damian Lillard,2016-17,POR,Guard,6-2,200,1990-07-15,26,75.0,35.9,27.0,4.9,5.9,0.9,0.3,2.6,0.444,0.37,0.895,111.8,110.4,1.4,0.586,0.304,1.1,0,0,Three Point Era
203081,Damian Lillard,2017-18,POR,Guard,6-2,200,1990-07-15,27,73.0,36.6,26.9,4.5,6.6,1.1,0.4,2.8,0.439,0.361,0.916,110.7,104.5,6.1,0.594,0.295,4.7,0,0,Three Point Era
203081,Damian Lillard,2018-19,POR,Guard,6-2,200,1990-07-15,28,80.0,35.5,25.8,4.6,6.9,1.1,0.4,2.7,0.444,0.369,0.912,116.0,107.9,8.2,0.588,0.281,6.2,0,0,Three Point Era
203081,Damian Lillard,2019-20,POR,Guard,6-2,200,1990-07-15,29,66.0,37.5,30.0,4.3,8.0,1.1,0.3,2.9,0.463,0.401,0.888,115.7,114.3,1.4,0.627,0.294,1.3,0,0,Three Point Era
764,David Robinson,2000-01,SAS,Center,7-1,250,1965-08-06,35,80.0,29.6,14.4,8.6,1.5,1.0,2.5,1.5,0.486,0.0,0.747,104.5,91.7,12.9,0.559,0.226,7.0,0,0,Early Modern Era
764,David Robinson,2001-02,SAS,Center,7-1,250,1965-08-06,36,78.0,29.6,12.2,8.3,1.2,1.1,1.8,1.3,0.507,0.0,0.681,106.1,96.2,9.9,0.562,0.193,5.5,0,0,Early Modern Era
764,David Robinson,2002-03,SAS,Center,7-1,250,1965-08-06,37,64.0,26.1,8.5,7.9,1.0,0.8,1.7,1.3,0.469,0.0,0.71,103.8,93.2,10.5,0.531,0.166,5.3,0,0,Early Modern Era
1717,Dirk Nowitzki,2000-01,DAL,Forward,7-0,245,1978-06-19,22,82.0,38.1,21.8,9.2,2.1,1.0,1.2,1.9,0.474,0.387,0.838,107.5,98.9,8.5,0.601,0.231,6.5,0,0,Early Modern Era
1717,Dirk Nowitzki,2001-02,DAL,Forward,7-0,245,1978-06-19,23,76.0,38.0,23.4,9.9,2.4,1.1,1.0,1.9,0.477,0.397,0.853,112.8,105.9,6.9,0.599,0.25,5.4,0,0,Early Modern Era
1717,Dirk Nowitzki,2002-03,DAL,Forward,7-0,245,1978-06-19,24,80.0,39.0,25.1,9.9,3.0,1.4,1.0,1.9,0.463,0.379,0.881,112.2,99.3,12.9,0.581,0.269,9.7,0,0,Early Modern Era
1717,Dirk Nowitzki,2003-04,DAL,Forward,7-0,245,1978-06-19,25,77.0,37.9,21.8,8.7,2.7,1.2,1.4,1.8,0.462,0.341,0.877,112.1,105.4,6.7,0.561,0.242,5.3,0,0,Early Modern Era
1717,Dirk Nowitzki,2004-05,DAL,Forward,7-0,245,1978-06-19,26,78.0,38.8,26.1,9.7,3.1,1.2,1.5,2.3,0.459,0.399,0.869,111.2,101.7,9.5,0.578,0.284,7.5,0,0,Early Modern Era
1717,Dirk Nowitzki,2005-06,DAL,Forward,7-0,245,1978-06-19,27,81.0,38.1,26.6,9.0,2.8,0.7,1.0,1.9,0.48,0.406,0.901,111.9,103.3,8.6,0.589,0.293,6.3,1,0,Pace Transition Era
1717,Dirk Nowitzki,2006-07,DAL,Forward,7-0,245,1978-06-19,28,78.0,36.2,24.6,8.9,3.4,0.7,0.8,2.1,0.502,0.416,0.904,113.7,102.1,11.6,0.605,0.283,8.0,0,0,Pace Transition Era
1717,Dirk Nowitzki,2007-08,DAL,Forward,7-0,245,1978-06-19,29,77.0,36.0,23.6,8.6,3.5,0.7,0.9,2.1,0.479,0.359,0.879,112.5,103.7,8.7,0.585,0.283,6.3,0,0,Pace Transition Era
1717,Dirk Nowitzki,2008-09,DAL,Forward,7-0,245,1978-06-19,30,81.0,37.7,25.9,8.4,2.4,0.8,0.8,1.9,0.479,0.359,0.89,110.0,106.5,3.5,0.564,0.295,3.0,0,0,Pace Transition Era
1717,Dirk Nowitzki,2009-10,DAL,Forward,7-0,245,1978-06-19,31,81.0,37.5,25.0,7.7,2.7,0.9,1.0,1.8,0.481,0.421,0.915,108.7,103.3,5.4,0.578,0.284,4.2,0,0,Pace Transition Era
1717,Dirk Nowitzki,2010-11,DAL,Forward,7-0,245,1978-06-19,32,73.0,34.3,23.0,7.0,2.6,0.5,0.6,1.9,0.517,0.393,0.892,110.7,100.4,10.3,0.612,0.274,7.3,1,1,Pace Transition Era
1717,Dirk Nowitzki,2011-12,DAL,Forward,7-0,245,1978-06-19,33,62.0,33.5,21.6,6.7,2.2,0.7,0.5,1.9,0.457,0.368,0.896,104.0,98.1,5.9,0.564,0.284,4.2,0,0,Pace Transition Era
1717,Dirk Nowitzki,2012-13,DAL,Forward,7-0,245,1978-06-19,34,53.0,31.3,17.3,6.8,2.5,0.7,0.7,1.3,0.471,0.414,0.86,103.8,103.1,0.8,0.564,0.24,1.1,0,0,Three Point Era
1717,Dirk Nowitzki,2013-14,DAL,Forward,7-0,245,1978-06-19,35,80.0,32.9,21.7,6.2,2.7,0.9,0.6,1.5,0.497,0.398,0.899,109.4,103.9,5.5,0.603,0.26,4.0,0,0,Three Point Era
1717,Dirk Nowitzki,2014-15,DAL,Forward,7-0,245,1978-06-19,36,77.0,29.6,17.3,5.9,1.9,0.5,0.4,1.1,0.459,0.38,0.882,107.8,103.5,4.4,0.56,0.244,3.1,0,0,Three Point Era
1717,Dirk Nowitzki,2015-16,DAL,Forward,7-0,245,1978-06-19,37,75.0,31.5,18.3,6.5,1.8,0.7,0.7,1.1,0.448,0.368,0.893,106.8,102.7,4.2,0.555,0.249,3.4,0,0,Three Point Era
1717,Dirk Nowitzki,2016-17,DAL,Forward,7-0,245,1978-06-19,38,54.0,26.4,14.2,6.5,1.5,0.6,0.7,0.9,0.437,0.378,0.875,103.7,105.0,-1.3,0.529,0.246,-0.2,0,0,Three Point Era
1717,Dirk Nowitzki,2017-18,DAL,Forward,7-0,245,1978-06-19,39,77.0,24.7,12.0,5.7,1.6,0.6,0.6,0.7,0.456,0.409,0.898,105.5,107.5,-2.0,0.575,0.199,-0.7,0,0,Three Point Era
1717,Dirk Nowitzki,2018-19,DAL,Forward,7-0,245,1978-06-19,40,51.0,15.6,7.3,3.1,0.7,0.2,0.4,0.4,0.359,0.312,0.78,104.8,109.7,-4.8,0.469,0.217,-1.3,0,0,Three Point Era
203110,Draymond Green,2012-13,GSW,Forward,6-6,230,1990-03-04,22,79.0,13.4,2.9,3.3,0.7,0.5,0.3,0.6,0.327,0.209,0.818,97.0,97.9,-0.9,0.404,0.135,-1.0,0,0,Three Point Era
203110,Draymond Green,2013-14,GSW,Forward,6-6,230,1990-03-04,23,82.0,21.9,6.2,5.0,1.9,1.2,0.9,1.1,0.407,0.333,0.667,102.9,98.1,4.8,0.498,0.146,1.8,0,0,Three Point Era
203110,Draymond Green,2014-15,GSW,Forward,6-6,230,1990-03-04,24,79.0,31.5,11.7,8.2,3.7,1.6,1.3,1.7,0.443,0.337,0.66,113.1,97.3,15.8,0.54,0.169,10.6,1,1,Three Point Era
203110,Draymond Green,2015-16,GSW,Forward,6-6,230,1990-03-04,25,81.0,34.7,14.0,9.5,7.4,1.5,1.4,3.2,0.49,0.388,0.696,117.0,99.1,18.0,0.587,0.184,13.2,1,0,Three Point Era
203110,Draymond Green,2016-17,GSW,Forward,6-6,230,1990-03-04,26,76.0,32.5,10.2,7.9,7.0,2.0,1.4,2.4,0.418,0.308,0.709,116.2,100.9,15.3,0.522,0.159,10.8,1,1,Three Point Era
203110,Draymond Green,2017-18,GSW,Forward,6-6,230,1990-03-04,27,70.0,32.7,11.0,7.6,7.3,1.4,1.3,2.9,0.454,0.301,0.775,111.9,105.2,6.7,0.556,0.168,4.4,1,1,Three Point Era
203110,Draymond Green,2018-19,GSW,Forward,6-6,230,1990-03-04,28,66.0,31.3,7.4,7.3,6.9,1.4,1.1,2.6,0.445,0.285,0.692,115.8,105.0,10.7,0.526,0.128,7.0,1,0,Three Point Era
203110,Draymond Green,2019-20,GSW,Forward,6-6,230,1990-03-04,29,43.0,28.4,8.0,6.2,6.2,1.4,0.8,2.3,0.389,0.279,0.759,103.2,110.4,-7.2,0.489,0.156,-4.5,0,0,Three Point Era
2548,Dwyane Wade,2003-04,MIA,Guard,6-4,220,1982-01-17,21,61.0,35.0,16.2,4.0,4.5,1.4,0.6,3.2,0.465,0.302,0.747,101.2,98.9,2.2,0.53,0.242,1.5,0,0,Early Modern Era
2548,Dwyane Wade,2004-05,MIA,Guard,6-4,220,1982-01-17,22,77.0,38.7,24.1,5.2,6.8,1.6,1.1,4.2,0.478,0.289,0.762,109.8,103.2,6.5,0.561,0.302,5.2,0,0,Early Modern Era
2548,Dwyane Wade,2005-06,MIA,Guard,6-4,220,1982-01-17,23,75.0,38.6,27.2,5.7,6.7,1.9,0.8,3.6,0.495,0.171,0.783,110.5,102.1,8.4,0.577,0.318,6.5,1,1,Pace Transition Era
2548,Dwyane Wade,2006-07,MIA,Guard,6-4,220,1982-01-17,24,51.0,37.9,27.4,4.7,7.5,2.1,1.2,4.2,0.491,0.266,0.807,106.1,104.1,2.0,0.583,0.333,1.9,0,0,Pace Transition Era
2548,Dwyane Wade,2007-08,MIA,Guard,6-4,220,1982-01-17,25,51.0,38.3,24.6,4.2,6.9,1.7,0.7,4.4,0.469,0.286,0.758,102.7,109.4,-6.7,0.549,0.317,-5.0,0,0,Pace Transition Era
2548,Dwyane Wade,2008-09,MIA,Guard,6-4,220,1982-01-17,26,79.0,38.6,30.2,5.0,7.5,2.2,1.3,3.4,0.491,0.317,0.765,109.1,105.4,3.6,0.574,0.352,2.7,0,0,Pace Transition Era
2548,Dwyane Wade,2009-10,MIA,Guard,6-4,220,1982-01-17,27,77.0,36.3,26.6,4.8,6.5,1.8,1.1,3.3,0.476,0.3,0.761,110.1,103.8,6.3,0.562,0.337,4.6,0,0,Pace Transition Era
2548,Dwyane Wade,2010-11,MIA,Guard,6-4,220,1982-01-17,28,76.0,37.1,25.5,6.4,4.6,1.5,1.1,3.1,0.5,0.306,0.758,112.8,102.4,10.4,0.581,0.308,7.6,1,0,Pace Transition Era
2548,Dwyane Wade,2011-12,MIA,Guard,6-4,220,1982-01-17,29,49.0,33.2,22.1,4.8,4.6,1.7,1.3,2.6,0.497,0.268,0.791,108.2,97.8,10.4,0.559,0.305,7.0,1,1,Pace Transition Era
2548,Dwyane Wade,2012-13,MIA,Guard,6-4,220,1982-01-17,30,69.0,34.6,21.2,5.0,5.1,1.9,0.8,2.8,0.521,0.258,0.725,113.1,100.9,12.3,0.571,0.288,8.3,1,1,Three Point Era
2548,Dwyane Wade,2013-14,MIA,Guard,6-4,220,1982-01-17,31,54.0,32.9,19.0,4.5,4.7,1.5,0.5,3.0,0.545,0.281,0.733,107.3,103.0,4.3,0.588,0.272,2.6,1,0,Three Point Era
2548,Dwyane Wade,2014-15,MIA,Guard,6-4,220,1982-01-17,32,62.0,31.8,21.5,3.5,4.8,1.2,0.3,3.4,0.47,0.284,0.768,105.0,107.1,-2.1,0.534,0.338,-0.9,0,0,Three Point Era
2548,Dwyane Wade,2015-16,MIA,Guard,6-4,220,1982-01-17,33,74.0,30.5,19.0,4.1,4.6,1.1,0.6,2.7,0.456,0.159,0.793,105.1,105.5,-0.4,0.517,0.31,-0.1,0,0,Three Point Era
2548,Dwyane Wade,2016-17,CHI,Guard,6-4,220,1982-01-17,34,60.0,29.9,18.3,4.5,3.8,1.4,0.7,2.3,0.434,0.31,0.794,104.3,106.1,-1.8,0.508,0.289,-1.2,0,0,Three Point Era
2548,Dwyane Wade,2017-18,MIA,Guard,6-4,220,1982-01-17,35,67.0,22.9,11.4,3.8,3.4,0.9,0.7,2.1,0.438,0.288,0.714,106.4,105.1,1.3,0.5,0.251,0.4,0,0,Three Point Era
2548,Dwyane Wade,2018-19,MIA,Guard,6-4,220,1982-01-17,36,72.0,26.2,15.0,4.0,4.2,0.8,0.5,2.3,0.433,0.33,0.708,104.8,106.6,-1.8,0.51,0.269,-0.9,0,0,Three Point Era
56,Gary Payton,2000-01,SEA,Guard,6-4,190,1968-07-23,32,79.0,41.1,23.1,4.6,8.1,1.6,0.3,2.6,0.456,0.375,0.766,103.8,104.2,-0.4,0.522,0.265,-0.2,0,0,Early Modern Era
56,Gary Payton,2001-02,SEA,Guard,6-4,190,1968-07-23,33,82.0,40.2,22.1,4.8,9.0,1.6,0.3,2.5,0.467,0.314,0.797,107.0,103.8,3.2,0.526,0.266,2.5,0,0,Early Modern Era
56,Gary Payton,2002-03,MIL,Guard,6-4,190,1968-07-23,34,80.0,40.1,20.4,4.2,8.3,1.7,0.3,2.3,0.454,0.297,0.71,104.4,105.1,-0.7,0.504,0.256,-0.6,0,0,Early Modern Era
56,Gary Payton,2003-04,LAL,Guard,6-4,190,1968-07-23,35,82.0,34.6,14.6,4.2,5.5,1.2,0.2,1.8,0.471,0.333,0.714,105.2,99.9,5.4,0.528,0.2,4.0,0,0,Early Modern Era
56,Gary Payton,2004-05,BOS,Guard,6-4,190,1968-07-23,36,77.0,33.1,11.3,3.1,6.1,1.1,0.2,1.9,0.468,0.326,0.761,108.0,107.2,0.8,0.537,0.168,0.6,0,0,Early Modern Era
56,Gary Payton,2005-06,MIA,Guard,6-4,190,1968-07-23,37,81.0,28.5,7.7,2.9,3.2,0.9,0.1,1.3,0.42,0.287,0.794,104.3,101.7,2.6,0.52,0.139,1.5,0,0,Pace Transition Era
56,Gary Payton,2006-07,MIA,Guard,6-4,190,1968-07-23,38,68.0,22.1,5.3,1.9,3.0,0.6,0.0,1.0,0.393,0.26,0.667,99.2,105.9,-6.7,0.458,0.144,-3.1,0,0,Pace Transition Era
203507,Giannis Antetokounmpo,2013-14,MIL,Forward,6-11,243,1994-12-06,18,77.0,24.6,6.8,4.4,1.9,0.8,0.8,1.6,0.414,0.347,0.683,103.8,108.3,-4.5,0.518,0.148,-2.3,0,0,Three Point Era
203507,Giannis Antetokounmpo,2014-15,MIL,Forward,6-11,243,1994-12-06,19,81.0,31.4,12.7,6.7,2.6,0.9,1.0,2.1,0.491,0.159,0.741,101.6,101.1,0.6,0.552,0.193,0.1,0,0,Three Point Era
203507,Giannis Antetokounmpo,2015-16,MIL,Forward,6-11,243,1994-12-06,20,80.0,35.3,16.9,7.7,4.3,1.2,1.4,2.6,0.506,0.257,0.724,104.8,107.9,-3.1,0.566,0.221,-2.1,0,0,Three Point Era
203507,Giannis Antetokounmpo,2016-17,MIL,Forward,6-11,243,1994-12-06,21,80.0,35.6,22.9,8.8,5.4,1.6,1.9,2.9,0.521,0.272,0.77,108.6,107.5,1.1,0.599,0.28,0.6,0,0,Three Point Era
203507,Giannis Antetokounmpo,2017-18,MIL,Forward,6-11,243,1994-12-06,22,75.0,36.7,26.9,10.0,4.8,1.5,1.4,3.0,0.529,0.307,0.76,109.4,106.5,2.8,0.598,0.307,2.0,0,0,Three Point Era
203507,Giannis Antetokounmpo,2018-19,MIL,Forward,6-11,243,1994-12-06,23,72.0,32.8,27.7,12.5,5.9,1.3,1.5,3.7,0.578,0.256,0.729,114.3,101.8,12.5,0.644,0.314,9.1,0,0,Three Point Era
203507,Giannis Antetokounmpo,2019-20,MIL,Forward,6-11,243,1994-12-06,24,63.0,30.4,29.5,13.6,5.6,1.0,1.0,3.7,0.553,0.304,0.633,112.8,97.4,15.4,0.613,0.363,10.8,0,0,Three Point Era
165,Hakeem Olajuwon,2000-01,HOU,Center,7-0,255,1963-01-21,37,58.0,26.6,11.9,7.4,1.2,1.2,1.5,1.4,0.498,0.0,0.621,102.9,100.9,2.0,0.526,0.215,1.0,0,0,Early Modern Era
165,Hakeem Olajuwon,2001-02,TOR,Center,7-0,255,1963-01-21,38,61.0,22.5,7.1,6.0,1.1,1.2,1.5,1.6,0.464,0.0,0.56,100.7,99.5,1.2,0.478,0.182,0.4,0,0,Early Modern Era
1627750,Jamal Murray,2016-17,DEN,Guard,6-4,215,1997-02-23,19,82.0,21.5,9.9,2.6,2.1,0.6,0.3,1.4,0.404,0.334,0.883,110.2,108.0,2.2,0.518,0.212,0.9,0,0,Three Point Era
1627750,Jamal Murray,2017-18,DEN,Guard,6-4,215,1997-02-23,20,81.0,31.7,16.7,3.7,3.4,1.0,0.3,2.1,0.451,0.378,0.905,113.9,110.2,3.7,0.576,0.223,2.8,0,0,Three Point Era
1627750,Jamal Murray,2018-19,DEN,Guard,6-4,215,1997-02-23,21,75.0,32.6,18.2,4.2,4.8,0.9,0.4,2.1,0.437,0.367,0.848,112.8,108.0,4.8,0.538,0.241,3.3,0,0,Three Point Era
1627750,Jamal Murray,2019-20,DEN,Guard,6-4,215,1997-02-23,22,59.0,32.3,18.5,4.0,4.8,1.1,0.3,2.2,0.456,0.346,0.881,113.0,107.7,5.3,0.559,0.248,4.1,0,0,Three Point Era
201935,James Harden,2009-10,OKC,Guard,6-5,220,1989-08-26,20,76.0,22.9,9.9,3.2,1.8,1.1,0.3,1.4,0.403,0.375,0.808,104.8,99.9,4.9,0.551,0.199,2.4,0,0,Pace Transition Era
201935,James Harden,2010-11,OKC,Guard,6-5,220,1989-08-26,21,82.0,26.7,12.2,3.1,2.1,1.1,0.3,1.3,0.436,0.349,0.843,109.2,104.3,4.9,0.598,0.193,2.5,0,0,Pace Transition Era
201935,James Harden,2011-12,OKC,Guard,6-5,220,1989-08-26,22,62.0,31.4,16.8,4.1,3.7,1.0,0.2,2.2,0.491,0.39,0.846,113.3,103.5,9.8,0.66,0.213,5.9,0,0,Pace Transition Era
201935,James Harden,2012-13,HOU,Guard,6-5,220,1989-08-26,23,78.0,38.3,25.9,4.9,5.8,1.8,0.5,3.8,0.438,0.368,0.851,108.8,105.9,2.9,0.6,0.285,2.5,0,0,Three Point Era
201935,James Harden,2013-14,HOU,Guard,6-5,220,1989-08-26,24,73.0,38.0,25.4,4.7,6.1,1.6,0.4,3.6,0.456,0.366,0.866,112.1,104.9,7.2,0.618,0.27,5.6,0,0,Three Point Era
201935,James Harden,2014-15,HOU,Guard,6-5,220,1989-08-26,25,81.0,36.8,27.4,5.7,7.0,1.9,0.7,4.0,0.44,0.375,0.868,109.2,103.5,5.7,0.605,0.308,4.1,0,0,Three Point Era
201935,James Harden,2015-16,HOU,Guard,6-5,220,1989-08-26,26,82.0,38.1,29.0,6.1,7.5,1.7,0.6,4.6,0.439,0.359,0.86,108.6,106.9,1.6,0.598,0.319,1.5,0,0,Three Point Era
201935,James Harden,2016-17,HOU,Guard,6-5,220,1989-08-26,27,81.0,36.4,29.1,8.1,11.2,1.5,0.5,5.7,0.44,0.347,0.847,115.6,108.9,6.7,0.613,0.333,5.2,0,0,Three Point Era
201935,James Harden,2017-18,HOU,Guard,6-5,220,1989-08-26,28,72.0,35.4,30.4,5.4,8.8,1.8,0.7,4.4,0.449,0.367,0.858,116.2,106.2,10.0,0.619,0.353,7.3,0,0,Three Point Era
201935,James Harden,2018-19,HOU,Guard,6-5,220,1989-08-26,29,78.0,36.8,36.1,6.6,7.5,2.0,0.7,5.0,0.442,0.368,0.879,116.6,110.3,6.3,0.616,0.396,4.6,0,0,Three Point Era
201935,James Harden,2019-20,HOU,Guard,6-5,220,1989-08-26,30,68.0,36.5,34.3,6.6,7.5,1.8,0.9,4.5,0.444,0.355,0.865,114.0,108.2,5.8,0.626,0.356,4.2,0,0,Three Point Era
467,Jason Kidd,2000-01,PHX,Guard,6-4,210,1973-03-23,27,77.0,39.8,16.9,6.4,9.8,2.2,0.3,3.7,0.411,0.297,0.814,98.4,96.3,2.2,0.51,0.222,1.8,0,0,Early Modern Era
467,Jason Kidd,2001-02,NJN,Guard,6-4,210,1973-03-23,28,82.0,37.3,14.7,7.3,9.9,2.1,0.2,3.5,0.391,0.321,0.814,104.0,98.5,5.5,0.484,0.217,4.2,1,0,Early Modern Era
467,Jason Kidd,2002-03,NJN,Guard,6-4,210,1973-03-23,29,80.0,37.4,18.7,6.3,8.9,2.2,0.3,3.7,0.414,0.341,0.841,104.7,96.4,8.2,0.526,0.248,6.2,1,0,Early Modern Era
467,Jason Kidd,2003-04,NJN,Guard,6-4,210,1973-03-23,30,67.0,36.8,15.5,6.4,9.2,1.8,0.2,3.2,0.384,0.321,0.827,101.6,93.9,7.8,0.485,0.235,5.4,0,0,Early Modern Era
467,Jason Kidd,2004-05,NJN,Guard,6-4,210,1973-03-23,31,66.0,37.1,14.4,7.4,8.3,1.9,0.1,2.5,0.398,0.36,0.74,104.8,100.0,4.8,0.506,0.206,3.5,0,0,Early Modern Era
467,Jason Kidd,2005-06,NJN,Guard,6-4,210,1973-03-23,32,80.0,37.2,13.3,7.3,8.4,1.9,0.4,2.4,0.404,0.352,0.795,105.3,101.0,4.3,0.526,0.184,3.4,0,0,Pace Transition Era
467,Jason Kidd,2006-07,NJN,Guard,6-4,210,1973-03-23,33,80.0,36.7,13.0,8.2,9.2,1.6,0.3,2.7,0.406,0.343,0.778,105.8,104.9,0.9,0.516,0.188,1.1,0,0,Pace Transition Era
467,Jason Kidd,2007-08,DAL,Guard,6-4,210,1973-03-23,34,80.0,36.3,10.8,7.5,10.1,1.7,0.3,3.3,0.385,0.381,0.818,105.9,105.7,0.2,0.499,0.172,0.3,0,0,Pace Transition Era
467,Jason Kidd,2008-09,DAL,Guard,6-4,210,1973-03-23,35,81.0,35.6,9.0,6.2,8.7,2.0,0.5,2.3,0.416,0.406,0.819,110.6,105.0,5.6,0.55,0.132,4.0,0,0,Pace Transition Era
467,Jason Kidd,2009-10,DAL,Guard,6-4,210,1973-03-23,36,80.0,36.0,10.3,5.6,9.1,1.8,0.4,2.4,0.423,0.425,0.808,107.9,103.6,4.3,0.577,0.143,3.4,0,0,Pace Transition Era
467,Jason Kidd,2010-11,DAL,Guard,6-4,210,1973-03-23,37,80.0,33.2,7.9,4.4,8.2,1.7,0.4,2.2,0.361,0.34,0.87,107.3,104.6,2.7,0.5,0.14,2.1,1,1,Pace Transition Era
467,Jason Kidd,2011-12,DAL,Guard,6-4,210,1973-03-23,38,48.0,28.7,6.2,4.1,5.5,1.7,0.2,1.9,0.363,0.354,0.786,101.9,99.5,2.4,0.524,0.122,1.4,0,0,Pace Transition Era
467,Jason Kidd,2012-13,NYK,Guard,6-4,210,1973-03-23,39,76.0,26.9,6.0,4.3,3.3,1.6,0.3,1.0,0.372,0.351,0.833,108.6,104.2,4.5,0.532,0.113,2.5,0,0,Three Point Era
1627759,Jaylen Brown,2016-17,BOS,Guard-Forward,6-6,223,1996-10-24,20,78.0,17.2,6.6,2.8,0.8,0.4,0.2,0.9,0.455,0.343,0.685,101.8,106.2,-4.4,0.54,0.176,-1.6,0,0,Three Point Era
1627759,Jaylen Brown,2017-18,BOS,Guard-Forward,6-6,223,1996-10-24,21,70.0,30.7,14.5,4.9,1.6,1.0,0.4,1.8,0.465,0.395,0.644,109.0,101.3,7.7,0.562,0.208,4.9,0,0,Three Point Era
1627759,Jaylen Brown,2018-19,BOS,Guard-Forward,6-6,223,1996-10-24,22,74.0,25.9,13.0,4.2,1.4,0.9,0.4,1.3,0.465,0.344,0.658,108.3,105.9,2.4,0.547,0.215,0.9,0,0,Three Point Era
1627759,Jaylen Brown,2019-20,BOS,Guard-Forward,6-6,223,1996-10-24,23,57.0,33.9,20.3,6.4,2.1,1.1,0.4,2.2,0.481,0.382,0.724,113.7,106.8,6.9,0.583,0.245,4.0,0,0,Three Point Era
1628369,Jayson Tatum,2017-18,BOS,Forward-Guard,6-8,210,1998-03-03,19,80.0,30.5,13.9,5.0,1.6,1.0,0.7,1.4,0.475,0.434,0.826,107.7,100.8,6.9,0.586,0.192,4.3,0,0,Three Point Era
1628369,Jayson Tatum,2018-19,BOS,Forward-Guard,6-8,210,1998-03-03,20,79.0,31.1,15.7,6.0,2.1,1.1,0.7,1.5,0.45,0.373,0.855,111.9,105.1,6.8,0.547,0.218,4.6,0,0,Three Point Era
1628369,Jayson Tatum,2019-20,BOS,Forward-Guard,6-8,210,1998-03-03,21,66.0,34.3,23.4,7.0,3.0,1.4,0.9,2.3,0.45,0.403,0.812,114.2,103.5,10.6,0.567,0.28,7.6,0,0,Three Point Era
202710,Jimmy Butler,2011-12,CHI,Forward,6-6,230,1989-09-14,22,42.0,8.5,2.6,1.3,0.3,0.3,0.1,0.3,0.405,0.182,0.768,104.0,91.8,12.2,0.526,0.143,1.9,0,0,Pace Transition Era
202710,Jimmy Butler,2012-13,CHI,Forward,6-6,230,1989-09-14,23,82.0,26.0,8.6,4.0,1.4,1.0,0.4,0.8,0.467,0.381,0.803,103.2,100.7,2.4,0.574,0.144,0.7,0,0,Three Point Era
202710,Jimmy Butler,2013-14,CHI,Forward,6-6,230,1989-09-14,24,67.0,38.7,13.1,4.9,2.6,1.9,0.5,1.5,0.397,0.283,0.769,102.9,98.9,4.0,0.522,0.167,2.8,0,0,Three Point Era
202710,Jimmy Butler,2014-15,CHI,Forward,6-6,230,1989-09-14,25,65.0,38.7,20.0,5.8,3.3,1.8,0.6,1.4,0.462,0.378,0.834,107.4,102.7,4.6,0.583,0.213,3.7,0,0,Three Point Era
202710,Jimmy Butler,2015-16,CHI,Forward,6-6,230,1989-09-14,26,67.0,36.9,20.9,5.3,4.8,1.6,0.6,2.0,0.454,0.312,0.832,104.2,104.5,-0.3,0.562,0.242,-0.2,0,0,Three Point Era
202710,Jimmy Butler,2016-17,CHI,Forward,6-6,230,1989-09-14,27,76.0,37.0,23.9,6.2,5.5,1.9,0.4,2.1,0.455,0.367,0.865,108.0,104.7,3.3,0.586,0.261,2.7,0,0,Three Point Era
202710,Jimmy Butler,2017-18,MIN,Forward,6-6,230,1989-09-14,28,59.0,36.7,22.2,5.3,4.9,2.0,0.4,1.8,0.474,0.35,0.854,114.7,106.4,8.3,0.59,0.245,6.3,0,0,Three Point Era
202710,Jimmy Butler,2018-19,PHI,Forward,6-6,230,1989-09-14,29,65.0,33.6,18.7,5.3,4.0,1.9,0.6,1.5,0.462,0.347,0.855,111.9,108.3,3.6,0.571,0.218,2.5,0,0,Three Point Era
202710,Jimmy Butler,2019-20,MIA,Forward,6-6,230,1989-09-14,30,58.0,33.8,19.9,6.7,6.0,1.8,0.6,2.2,0.455,0.244,0.834,113.2,108.0,5.2,0.585,0.246,4.4,0,0,Three Point Era
304,John Stockton,2000-01,UTA,Guard,6-1,175,1962-03-26,38,82.0,29.2,11.5,2.8,8.7,1.6,0.3,2.5,0.504,0.462,0.817,110.9,98.1,12.8,0.61,0.178,6.9,0,0,Early Modern Era
304,John Stockton,2001-02,UTA,Guard,6-1,175,1962-03-26,39,82.0,31.3,13.4,3.2,8.2,1.9,0.3,2.5,0.517,0.321,0.857,105.3,101.7,3.6,0.601,0.189,2.0,0,0,Early Modern Era
304,John Stockton,2002-03,UTA,Guard,6-1,175,1962-03-26,40,82.0,27.7,10.8,2.5,7.7,1.7,0.2,2.2,0.483,0.363,0.826,106.6,100.9,5.7,0.577,0.185,3.0,0,0,Early Modern Era
252,Karl Malone,2000-01,UTA,Forward,6-9,259,1963-07-24,37,81.0,35.7,23.2,8.3,4.5,1.1,0.8,3.0,0.498,0.4,0.793,108.6,101.6,7.0,0.572,0.298,4.7,0,0,Early Modern Era
252,Karl Malone,2001-02,UTA,Forward,6-9,259,1963-07-24,38,80.0,38.0,22.4,8.6,4.3,1.9,0.7,3.3,0.454,0.36,0.797,104.5,103.8,0.7,0.532,0.285,0.6,0,0,Early Modern Era
252,Karl Malone,2002-03,UTA,Forward,6-9,259,1963-07-24,39,81.0,36.2,20.6,7.8,4.7,1.7,0.4,2.6,0.462,0.214,0.763,106.1,103.0,3.1,0.534,0.272,2.1,0,0,Early Modern Era
252,Karl Malone,2003-04,LAL,Forward,6-9,259,1963-07-24,40,42.0,32.8,13.2,8.7,3.9,1.2,0.5,2.5,0.483,0.0,0.747,105.8,98.2,7.6,0.555,0.192,5.1,0,0,Early Modern Era
202695,Kawhi Leonard,2011-12,SAS,Forward,6-6,225,1991-06-29,20,64.0,24.0,7.9,5.1,1.1,1.3,0.4,0.7,0.493,0.376,0.773,107.4,102.3,5.1,0.573,0.141,2.0,0,0,Pace Transition Era
202695,Kawhi Leonard,2012-13,SAS,Forward,6-6,225,1991-06-29,21,58.0,31.2,11.9,6.0,1.6,1.7,0.6,1.1,0.494,0.374,0.825,107.5,97.3,10.1,0.592,0.164,6.2,1,0,Three Point Era
202695,Kawhi Leonard,2013-14,SAS,Forward,6-6,225,1991-06-29,22,66.0,29.1,12.8,6.2,2.0,1.7,0.8,1.2,0.522,0.379,0.802,108.0,98.1,9.9,0.602,0.18,5.7,1,1,Three Point Era
202695,Kawhi Leonard,2014-15,SAS,Forward,6-6,225,1991-06-29,23,64.0,31.8,16.5,7.2,2.5,2.3,0.8,1.5,0.479,0.349,0.802,109.7,98.3,11.4,0.567,0.227,6.9,0,0,Three Point Era
202695,Kawhi Leonard,2015-16,SAS,Forward,6-6,225,1991-06-29,24,72.0,33.0,21.2,6.8,2.6,1.8,1.0,1.5,0.506,0.443,0.874,110.0,95.9,14.1,0.616,0.252,9.1,0,0,Three Point Era
202695,Kawhi Leonard,2016-17,SAS,Forward,6-6,225,1991-06-29,25,74.0,33.4,25.5,5.8,3.5,1.8,0.7,2.1,0.485,0.38,0.88,113.8,105.1,8.7,0.61,0.306,5.9,0,0,Three Point Era
202695,Kawhi Leonard,2017-18,SAS,Forward,6-6,225,1991-06-29,26,9.0,23.3,16.2,4.7,2.3,2.0,1.0,1.8,0.468,0.314,0.816,99.3,95.4,3.9,0.572,0.304,1.9,0,0,Three Point Era
202695,Kawhi Leonard,2018-19,TOR,Forward,6-6,225,1991-06-29,27,60.0,34.0,26.6,7.3,3.3,1.8,0.4,2.0,0.496,0.371,0.854,115.7,107.8,7.9,0.606,0.3,5.9,1,1,Three Point Era
202695,Kawhi Leonard,2019-20,LAC,Forward,6-6,225,1991-06-29,28,57.0,32.4,27.1,7.1,4.9,1.8,0.6,2.6,0.47,0.378,0.886,116.9,104.7,12.2,0.589,0.327,8.4,0,0,Three Point Era
201142,Kevin Durant,2007-08,SEA,Forward,6-11,240,1988-09-29,19,80.0,34.6,20.3,4.4,2.4,1.0,0.9,2.9,0.43,0.288,0.873,98.9,110.1,-11.3,0.519,0.273,-8.2,0,0,Pace Transition Era
201142,Kevin Durant,2008-09,OKC,Forward,6-11,240,1988-09-29,20,74.0,39.0,25.3,6.5,2.8,1.3,0.7,3.0,0.476,0.422,0.863,100.6,109.3,-8.7,0.577,0.277,-6.8,0,0,Pace Transition Era
201142,Kevin Durant,2009-10,OKC,Forward,6-11,240,1988-09-29,21,82.0,39.5,30.1,7.6,2.8,1.4,1.0,3.3,0.476,0.365,0.9,109.0,102.7,6.2,0.607,0.311,5.3,0,0,Pace Transition Era
201142,Kevin Durant,2010-11,OKC,Forward,6-11,240,1988-09-29,22,78.0,38.9,27.7,6.8,2.7,1.1,1.0,2.8,0.462,0.35,0.88,110.8,106.8,4.1,0.589,0.296,3.4,0,0,Pace Transition Era
201142,Kevin Durant,2011-12,OKC,Forward,6-11,240,1988-09-29,23,66.0,38.6,28.0,8.0,3.5,1.3,1.2,3.8,0.496,0.387,0.86,109.1,101.9,7.2,0.61,0.303,5.6,0,0,Pace Transition Era
201142,Kevin Durant,2012-13,OKC,Forward,6-11,240,1988-09-29,24,81.0,38.5,28.1,7.9,4.6,1.4,1.3,3.5,0.51,0.416,0.905,113.1,100.9,12.2,0.647,0.295,8.9,0,0,Three Point Era
201142,Kevin Durant,2013-14,OKC,Forward,6-11,240,1988-09-29,25,81.0,38.5,32.0,7.4,5.5,1.3,0.7,3.5,0.503,0.391,0.873,111.4,103.3,8.1,0.635,0.322,6.3,0,0,Three Point Era
201142,Kevin Durant,2014-15,OKC,Forward,6-11,240,1988-09-29,26,27.0,33.8,25.4,6.6,4.1,0.9,0.9,2.7,0.51,0.403,0.854,109.5,101.0,8.5,0.633,0.28,6.2,0,0,Three Point Era
201142,Kevin Durant,2015-16,OKC,Forward,6-11,240,1988-09-29,27,72.0,35.8,28.2,8.2,5.0,1.0,1.2,3.5,0.505,0.387,0.898,114.5,102.9,11.6,0.634,0.298,9.0,0,0,Three Point Era
201142,Kevin Durant,2016-17,GSW,Forward,6-11,240,1988-09-29,28,62.0,33.4,25.1,8.3,4.8,1.1,1.6,2.2,0.537,0.375,0.875,118.0,102.3,15.7,0.651,0.271,11.5,0,0,Three Point Era
201142,Kevin Durant,2017-18,GSW,Forward,6-11,240,1988-09-29,29,68.0,34.2,26.4,6.8,5.4,0.7,1.8,3.0,0.516,0.419,0.889,115.9,108.9,7.0,0.64,0.293,5.2,0,0,Three Point Era
201142,Kevin Durant,2018-19,GSW,Forward,6-11,240,1988-09-29,30,78.0,34.6,26.0,6.4,5.9,0.7,1.1,2.9,0.521,0.353,0.885,118.7,107.3,11.4,0.631,0.283,8.4,0,0,Three Point Era
708,Kevin Garnett,2000-01,MIN,Forward,6-11,240,1976-05-19,24,81.0,39.5,22.0,11.4,5.0,1.4,1.8,2.8,0.477,0.288,0.764,104.6,101.0,3.6,0.531,0.268,2.5,0,0,Early Modern Era
708,Kevin Garnett,2001-02,MIN,Forward,6-11,240,1976-05-19,25,81.0,39.2,21.2,12.1,5.2,1.2,1.6,2.8,0.47,0.319,0.801,108.2,102.6,5.5,0.536,0.258,4.4,0,0,Early Modern Era
708,Kevin Garnett,2002-03,MIN,Forward,6-11,240,1976-05-19,26,82.0,40.5,23.0,13.4,6.0,1.4,1.6,2.8,0.502,0.282,0.751,106.8,100.6,6.2,0.553,0.258,5.1,0,0,Early Modern Era
708,Kevin Garnett,2003-04,MIN,Forward,6-11,240,1976-05-19,27,82.0,39.5,24.2,13.9,5.0,1.5,2.2,2.6,0.499,0.256,0.791,106.3,96.7,9.6,0.547,0.291,7.5,0,0,Early Modern Era
708,Kevin Garnett,2004-05,MIN,Forward,6-11,240,1976-05-19,28,82.0,38.1,22.2,13.5,5.7,1.5,1.4,2.7,0.502,0.24,0.811,106.9,104.6,2.3,0.567,0.268,1.7,0,0,Early Modern Era
708,Kevin Garnett,2005-06,MIN,Forward,6-11,240,1976-05-19,29,76.0,38.9,21.8,12.7,4.1,1.4,1.4,2.4,0.526,0.267,0.81,103.8,102.7,1.1,0.589,0.252,0.5,0,0,Pace Transition Era
708,Kevin Garnett,2006-07,MIN,Forward,6-11,240,1976-05-19,30,76.0,39.4,22.4,12.8,4.1,1.2,1.7,2.7,0.476,0.214,0.835,104.4,104.4,-0.1,0.546,0.272,0.1,0,0,Pace Transition Era
708,Kevin Garnett,2007-08,BOS,Forward,6-11,240,1976-05-19,31,71.0,32.8,18.8,9.2,3.4,1.4,1.3,1.9,0.539,0.0,0.801,112.0,96.0,16.0,0.588,0.256,10.4,1,1,Pace Transition Era
708,Kevin Garnett,2008-09,BOS,Forward,6-11,240,1976-05-19,32,57.0,31.1,15.8,8.5,2.5,1.1,1.2,1.6,0.531,0.25,0.841,111.0,97.3,13.6,0.563,0.232,8.3,0,0,Pace Transition Era
708,Kevin Garnett,2009-10,BOS,Forward,6-11,240,1976-05-19,33,69.0,29.9,14.3,7.3,2.7,1.0,0.8,1.5,0.521,0.2,0.837,107.9,100.5,7.4,0.569,0.218,4.5,1,0,Pace Transition Era
708,Kevin Garnett,2010-11,BOS,Forward,6-11,240,1976-05-19,34,71.0,31.3,14.9,8.9,2.4,1.3,0.8,1.6,0.528,0.2,0.862,109.2,96.4,12.9,0.575,0.219,7.8,0,0,Pace Transition Era
708,Kevin Garnett,2011-12,BOS,Forward,6-11,240,1976-05-19,35,60.0,31.1,15.8,8.2,2.9,0.9,1.0,1.8,0.503,0.333,0.857,102.3,95.3,7.0,0.55,0.246,4.5,0,0,Pace Transition Era
708,Kevin Garnett,2012-13,BOS,Forward,6-11,240,1976-05-19,36,68.0,29.7,14.8,7.8,2.3,1.1,0.9,1.6,0.496,0.125,0.786,99.2,96.4,2.8,0.535,0.246,1.6,0,0,Three Point Era
708,Kevin Garnett,2013-14,BKN,Forward,6-11,240,1976-05-19,37,54.0,20.5,6.5,6.6,1.5,0.8,0.7,1.3,0.441,0.0,0.809,99.3,100.3,-1.0,0.467,0.19,-0.5,0,0,Three Point Era
708,Kevin Garnett,2014-15,MIN,Forward,6-11,240,1976-05-19,38,47.0,20.3,6.9,6.6,1.6,1.0,0.4,1.0,0.467,0.143,0.8,101.9,102.6,-0.6,0.496,0.179,-0.5,0,0,Three Point Era
708,Kevin Garnett,2015-16,MIN,Forward,6-11,240,1976-05-19,39,38.0,14.6,3.2,3.9,1.6,0.7,0.3,0.4,0.47,0.0,0.667,102.0,97.4,4.6,0.491,0.114,1.5,0,0,Three Point Era
201567,Kevin Love,2008-09,MIN,Forward-Center,6-10,251,1988-09-07,20,81.0,25.3,11.1,9.1,1.0,0.4,0.6,1.5,0.459,0.105,0.789,103.3,109.4,-6.1,0.538,0.203,-3.3,0,0,Pace Transition Era
201567,Kevin Love,2009-10,MIN,Forward-Center,6-10,251,1988-09-07,21,60.0,28.6,14.0,11.0,2.3,0.7,0.4,2.0,0.45,0.33,0.815,102.1,108.7,-6.6,0.549,0.216,-3.8,0,0,Pace Transition Era
201567,Kevin Love,2010-11,MIN,Forward-Center,6-10,251,1988-09-07,22,73.0,35.8,20.2,15.2,2.5,0.6,0.4,2.1,0.47,0.417,0.85,104.2,109.5,-5.3,0.593,0.224,-3.7,0,0,Pace Transition Era
201567,Kevin Love,2011-12,MIN,Forward-Center,6-10,251,1988-09-07,23,55.0,39.0,26.0,13.3,2.0,0.9,0.5,2.3,0.448,0.372,0.824,105.4,104.8,0.6,0.568,0.282,0.5,0,0,Pace Transition Era
201567,Kevin Love,2012-13,MIN,Forward-Center,6-10,251,1988-09-07,24,18.0,34.3,18.3,14.0,2.3,0.7,0.5,2.2,0.352,0.217,0.704,101.9,101.9,0.0,0.458,0.273,0.1,0,0,Three Point Era
201567,Kevin Love,2013-14,MIN,Forward-Center,6-10,251,1988-09-07,25,77.0,36.3,26.1,12.5,4.4,0.8,0.5,2.5,0.457,0.376,0.821,110.5,104.6,5.9,0.591,0.281,4.6,0,0,Three Point Era
201567,Kevin Love,2014-15,CLE,Forward-Center,6-10,251,1988-09-07,26,75.0,33.8,16.4,9.7,2.2,0.7,0.5,1.6,0.434,0.367,0.804,111.1,103.6,7.5,0.562,0.214,5.3,0,0,Three Point Era
201567,Kevin Love,2015-16,CLE,Forward-Center,6-10,251,1988-09-07,27,77.0,31.5,16.0,9.9,2.4,0.8,0.5,1.8,0.419,0.36,0.822,112.4,103.6,8.8,0.553,0.233,5.6,1,1,Three Point Era
201567,Kevin Love,2016-17,CLE,Forward-Center,6-10,251,1988-09-07,28,60.0,31.4,19.0,11.1,1.9,0.9,0.4,2.0,0.427,0.373,0.871,115.5,107.1,8.4,0.573,0.253,5.6,0,0,Three Point Era
201567,Kevin Love,2017-18,CLE,Forward-Center,6-10,251,1988-09-07,29,59.0,28.0,17.6,9.3,1.7,0.7,0.4,1.5,0.458,0.415,0.88,112.7,111.3,1.4,0.614,0.248,1.3,1,0,Three Point Era
201567,Kevin Love,2018-19,CLE,Forward-Center,6-10,251,1988-09-07,30,22.0,27.2,17.0,10.9,2.2,0.3,0.2,1.9,0.385,0.361,0.904,110.5,114.7,-4.2,0.561,0.259,-2.5,0,0,Three Point Era
201567,Kevin Love,2019-20,CLE,Forward-Center,6-10,251,1988-09-07,31,56.0,31.8,17.6,9.8,3.2,0.6,0.3,2.5,0.45,0.374,0.854,107.4,115.4,-8.0,0.599,0.225,-4.8,0,0,Three Point Era
203114,Khris Middleton,2012-13,DET,Forward,6-7,222,1991-08-12,21,27.0,17.6,6.1,1.9,1.0,0.6,0.1,0.4,0.44,0.311,0.844,110.2,107.9,2.3,0.532,0.156,1.0,0,0,Three Point Era
203114,Khris Middleton,2013-14,MIL,Forward,6-7,222,1991-08-12,22,82.0,30.0,12.1,3.8,2.1,1.0,0.2,1.5,0.44,0.414,0.861,102.2,109.7,-7.5,0.541,0.186,-4.7,0,0,Three Point Era
203114,Khris Middleton,2014-15,MIL,Forward,6-7,222,1991-08-12,23,79.0,30.1,13.4,4.4,2.3,1.5,0.1,1.4,0.467,0.407,0.859,103.9,96.7,7.2,0.563,0.194,4.1,0,0,Three Point Era
203114,Khris Middleton,2015-16,MIL,Forward,6-7,222,1991-08-12,24,79.0,36.1,18.2,3.8,4.2,1.7,0.2,2.3,0.444,0.396,0.888,105.6,106.4,-0.8,0.56,0.224,-0.4,0,0,Three Point Era
203114,Khris Middleton,2016-17,MIL,Forward,6-7,222,1991-08-12,25,29.0,30.7,14.7,4.2,3.4,1.4,0.2,2.2,0.45,0.433,0.88,110.8,105.4,5.4,0.57,0.227,3.1,0,0,Three Point Era
203114,Khris Middleton,2017-18,MIL,Forward,6-7,222,1991-08-12,26,82.0,36.4,20.1,5.2,4.0,1.5,0.3,2.3,0.466,0.359,0.884,110.3,108.7,1.6,0.577,0.239,1.2,0,0,Three Point Era
203114,Khris Middleton,2018-19,MIL,Forward,6-7,222,1991-08-12,27,77.0,31.1,18.3,6.0,4.3,1.0,0.1,2.3,0.441,0.378,0.837,114.7,104.2,10.5,0.558,0.246,7.2,0,0,Three Point Era
203114,Khris Middleton,2019-20,MIL,Forward,6-7,222,1991-08-12,28,62.0,29.9,20.9,6.2,4.3,0.9,0.1,2.2,0.497,0.415,0.916,113.3,100.9,12.4,0.619,0.26,8.1,0,0,Three Point Era
202691,Klay Thompson,2011-12,GSW,Guard,6-5,220,1990-02-08,21,66.0,24.4,12.5,2.4,2.0,0.7,0.3,1.6,0.443,0.414,0.868,102.8,107.2,-4.4,0.545,0.243,-2.0,0,0,Pace Transition Era
202691,Klay Thompson,2012-13,GSW,Guard,6-5,220,1990-02-08,22,82.0,35.8,16.6,3.7,2.2,1.0,0.5,1.9,0.422,0.401,0.841,106.0,104.2,1.8,0.533,0.216,1.3,0,0,Three Point Era
202691,Klay Thompson,2013-14,GSW,Guard,6-5,220,1990-02-08,23,81.0,35.4,18.4,3.1,2.2,0.9,0.5,1.7,0.444,0.417,0.795,109.4,100.3,9.1,0.555,0.224,6.6,0,0,Three Point Era
202691,Klay Thompson,2014-15,GSW,Guard,6-5,220,1990-02-08,24,77.0,31.9,21.7,3.2,2.9,1.1,0.8,1.9,0.463,0.439,0.879,114.1,98.9,15.2,0.591,0.272,10.1,1,1,Three Point Era
202691,Klay Thompson,2015-16,GSW,Guard,6-5,220,1990-02-08,25,80.0,33.3,22.1,3.8,2.1,0.8,0.6,1.7,0.47,0.425,0.873,116.0,101.3,14.6,0.597,0.26,10.5,1,0,Three Point Era
202691,Klay Thompson,2016-17,GSW,Guard,6-5,220,1990-02-08,26,78.0,34.0,22.3,3.7,2.1,0.8,0.5,1.6,0.468,0.414,0.853,116.5,102.4,14.1,0.592,0.258,10.3,1,1,Three Point Era
202691,Klay Thompson,2017-18,GSW,Guard,6-5,220,1990-02-08,27,73.0,34.3,20.0,3.8,2.5,0.8,0.5,1.8,0.489,0.44,0.837,112.6,105.6,7.1,0.599,0.232,5.4,1,1,Three Point Era
202691,Klay Thompson,2018-19,GSW,Guard,6-5,220,1990-02-08,28,78.0,34.0,21.5,3.8,2.4,1.1,0.6,1.5,0.467,0.402,0.816,115.0,108.5,6.5,0.571,0.254,4.5,1,0,Three Point Era
977,Kobe Bryant,2000-01,LAL,Forward-Guard,6-6,212,1978-08-23,22,68.0,41.0,28.5,5.9,5.0,1.7,0.6,3.2,0.464,0.305,0.853,108.4,101.9,6.5,0.552,0.309,5.4,1,1,Early Modern Era
977,Kobe Bryant,2001-02,LAL,Forward-Guard,6-6,212,1978-08-23,23,80.0,38.3,25.2,5.5,5.5,1.5,0.4,2.8,0.469,0.25,0.829,109.1,101.7,7.4,0.544,0.299,5.6,1,1,Early Modern Era
977,Kobe Bryant,2002-03,LAL,Forward-Guard,6-6,212,1978-08-23,24,82.0,41.5,30.0,6.9,5.9,2.2,0.8,3.5,0.451,0.383,0.843,106.4,102.8,3.6,0.55,0.323,3.2,1,1,Early Modern Era
977,Kobe Bryant,2003-04,LAL,Forward-Guard,6-6,212,1978-08-23,25,65.0,37.7,24.0,5.5,5.1,1.7,0.4,2.6,0.438,0.327,0.852,106.1,100.0,6.1,0.551,0.281,4.8,1,0,Early Modern Era
977,Kobe Bryant,2004-05,LAL,Forward-Guard,6-6,212,1978-08-23,26,66.0,40.8,27.6,5.9,6.0,1.3,0.8,4.1,0.433,0.339,0.816,107.6,109.7,-2.1,0.563,0.312,-1.8,0,0,Early Modern Era
977,Kobe Bryant,2005-06,LAL,Forward-Guard,6-6,212,1978-08-23,27,80.0,41.0,35.4,5.3,4.5,1.8,0.4,3.1,0.45,0.347,0.85,109.7,105.0,4.7,0.559,0.378,4.0,0,0,Pace Transition Era
977,Kobe Bryant,2006-07,LAL,Forward-Guard,6-6,212,1978-08-23,28,77.0,40.8,31.6,5.7,5.4,1.4,0.5,3.3,0.463,0.344,0.868,108.1,106.9,1.3,0.58,0.328,1.3,0,0,Pace Transition Era
977,Kobe Bryant,2007-08,LAL,Forward-Guard,6-6,212,1978-08-23,29,82.0,38.9,28.3,6.3,5.4,1.8,0.5,3.1,0.459,0.361,0.84,112.8,103.9,8.9,0.576,0.309,7.3,1,0,Pace Transition Era
977,Kobe Bryant,2008-09,LAL,Forward-Guard,6-6,212,1978-08-23,30,82.0,36.1,26.8,5.2,4.9,1.5,0.5,2.6,0.467,0.351,0.856,114.3,103.4,10.9,0.561,0.317,8.0,0,0,Pace Transition Era
977,Kobe Bryant,2009-10,LAL,Forward-Guard,6-6,212,1978-08-23,31,73.0,38.8,27.0,5.4,5.0,1.5,0.3,3.2,0.456,0.329,0.811,109.8,101.8,8.1,0.545,0.319,6.4,1,1,Pace Transition Era
977,Kobe Bryant,2010-11,LAL,Forward-Guard,6-6,212,1978-08-23,32,82.0,33.9,25.3,5.1,4.7,1.2,0.1,3.0,0.451,0.323,0.828,111.5,104.2,7.3,0.548,0.343,5.2,1,1,Pace Transition Era
977,Kobe Bryant,2011-12,LAL,Forward-Guard,6-6,212,1978-08-23,33,58.0,38.5,27.9,5.4,4.6,1.2,0.3,3.5,0.43,0.303,0.845,104.8,102.1,2.7,0.527,0.346,2.4,0,0,Pace Transition Era
977,Kobe Bryant,2012-13,LAL,Forward-Guard,6-6,212,1978-08-23,34,78.0,38.6,27.3,5.6,6.0,1.4,0.3,3.7,0.463,0.324,0.839,108.5,106.6,1.9,0.57,0.313,1.8,0,0,Three Point Era
977,Kobe Bryant,2013-14,LAL,Forward-Guard,6-6,212,1978-08-23,35,6.0,29.5,13.8,4.3,6.3,1.2,0.2,5.7,0.425,0.188,0.857,98.6,106.9,-8.3,0.505,0.29,-5.3,0,0,Three Point Era
977,Kobe Bryant,2014-15,LAL,Forward-Guard,6-6,212,1978-08-23,36,35.0,34.5,22.3,5.7,5.6,1.3,0.2,3.7,0.373,0.293,0.813,102.1,113.9,-11.9,0.477,0.337,-8.4,0,0,Three Point Era
977,Kobe Bryant,2015-16,LAL,Forward-Guard,6-6,212,1978-08-23,37,66.0,28.2,17.6,3.7,2.8,0.9,0.2,2.0,0.358,0.285,0.826,100.1,114.9,-14.8,0.469,0.314,-8.6,0,0,Three Point Era
202681,Kyrie Irving,2011-12,CLE,Guard,6-2,195,1992-03-23,19,51.0,30.5,18.5,3.7,5.4,1.1,0.4,3.1,0.469,0.399,0.872,104.1,109.8,-5.6,0.566,0.275,-3.2,0,0,Pace Transition Era
202681,Kyrie Irving,2012-13,CLE,Guard,6-2,195,1992-03-23,20,59.0,34.7,22.5,3.7,5.9,1.5,0.4,3.2,0.452,0.391,0.855,104.0,108.7,-4.6,0.553,0.292,-3.0,0,0,Three Point Era
202681,Kyrie Irving,2013-14,CLE,Guard,6-2,195,1992-03-23,21,71.0,35.2,20.8,3.6,6.1,1.5,0.3,2.7,0.43,0.358,0.861,103.7,108.6,-4.9,0.533,0.274,-3.1,0,0,Three Point Era
202681,Kyrie Irving,2014-15,CLE,Guard,6-2,195,1992-03-23,22,75.0,36.4,21.7,3.2,5.2,1.5,0.3,2.5,0.468,0.415,0.863,112.4,104.8,7.7,0.583,0.255,5.6,0,0,Three Point Era
202681,Kyrie Irving,2015-16,CLE,Guard,6-2,195,1992-03-23,23,53.0,31.5,19.6,3.0,4.7,1.1,0.3,2.3,0.448,0.321,0.885,111.6,105.8,5.8,0.54,0.285,3.9,1,1,Three Point Era
202681,Kyrie Irving,2016-17,CLE,Guard,6-2,195,1992-03-23,24,72.0,35.1,25.2,3.2,5.8,1.2,0.3,2.5,0.473,0.401,0.905,116.7,110.3,6.4,0.58,0.295,4.6,1,0,Three Point Era
202681,Kyrie Irving,2017-18,BOS,Guard,6-2,195,1992-03-23,25,60.0,32.2,24.4,3.8,5.1,1.1,0.3,2.3,0.491,0.408,0.889,110.0,104.3,5.6,0.61,0.298,4.3,0,0,Three Point Era
202681,Kyrie Irving,2018-19,BOS,Guard,6-2,195,1992-03-23,26,67.0,33.0,23.8,5.0,6.9,1.5,0.5,2.6,0.487,0.401,0.873,113.4,107.1,6.2,0.592,0.286,5.0,0,0,Three Point Era
202681,Kyrie Irving,2019-20,BKN,Guard,6-2,195,1992-03-23,27,20.0,32.9,27.4,5.2,6.4,1.4,0.5,2.6,0.478,0.394,0.922,112.7,113.1,-0.4,0.595,0.318,-0.4,0,0,Three Point Era
2544,LeBron James,2003-04,CLE,Forward,6-9,250,1984-12-30,18,79.0,39.6,20.9,5.5,5.9,1.6,0.7,3.5,0.417,0.29,0.754,101.4,103.4,-2.0,0.488,0.276,-1.8,0,0,Early Modern Era
2544,LeBron James,2004-05,CLE,Forward,6-9,250,1984-12-30,19,80.0,42.3,27.2,7.4,7.2,2.2,0.7,3.3,0.472,0.351,0.75,106.2,104.1,2.1,0.554,0.292,1.9,0,0,Early Modern Era
2544,LeBron James,2005-06,CLE,Forward,6-9,250,1984-12-30,20,79.0,42.5,31.4,7.0,6.6,1.6,0.8,3.3,0.48,0.335,0.738,108.2,104.4,3.8,0.568,0.329,3.5,0,0,Pace Transition Era
2544,LeBron James,2006-07,CLE,Forward,6-9,250,1984-12-30,21,78.0,40.9,27.3,6.7,6.0,1.6,0.7,3.2,0.476,0.319,0.698,105.6,99.9,5.7,0.552,0.303,4.8,1,0,Pace Transition Era
2544,LeBron James,2007-08,CLE,Forward,6-9,250,1984-12-30,22,75.0,40.4,30.0,7.9,7.2,1.8,1.1,3.4,0.484,0.315,0.712,107.2,105.5,1.7,0.568,0.328,1.8,0,0,Pace Transition Era
2544,LeBron James,2008-09,CLE,Forward,6-9,250,1984-12-30,23,81.0,37.7,28.4,7.6,7.2,1.7,1.1,3.0,0.489,0.344,0.78,114.0,99.4,14.6,0.591,0.33,10.8,0,0,Pace Transition Era
2544,LeBron James,2009-10,CLE,Forward,6-9,250,1984-12-30,24,76.0,39.0,29.7,7.3,8.6,1.6,1.0,3.4,0.503,0.333,0.767,114.0,103.0,11.0,0.604,0.328,8.6,0,0,Pace Transition Era
2544,LeBron James,2010-11,MIA,Forward,6-9,250,1984-12-30,25,79.0,38.8,26.7,7.5,7.0,1.6,0.6,3.6,0.51,0.33,0.759,111.5,101.4,10.1,0.594,0.307,7.8,1,0,Pace Transition Era
2544,LeBron James,2011-12,MIA,Forward,6-9,250,1984-12-30,26,62.0,37.5,27.1,7.9,6.2,1.9,0.8,3.4,0.531,0.362,0.771,108.6,98.4,10.2,0.605,0.311,7.6,1,1,Pace Transition Era
2544,LeBron James,2012-13,MIA,Forward,6-9,250,1984-12-30,27,76.0,37.9,26.8,8.0,7.3,1.7,0.9,3.0,0.565,0.406,0.753,114.2,101.9,12.3,0.64,0.294,9.5,1,1,Three Point Era
2544,LeBron James,2013-14,MIA,Forward,6-9,250,1984-12-30,28,77.0,37.7,27.1,6.9,6.3,1.6,0.3,3.5,0.567,0.379,0.75,112.0,105.1,6.9,0.649,0.303,5.3,0,0,Three Point Era
2544,LeBron James,2014-15,CLE,Forward,6-9,250,1984-12-30,29,69.0,36.1,25.3,6.0,7.4,1.6,0.7,3.9,0.488,0.354,0.71,113.8,102.8,10.9,0.577,0.318,7.8,1,0,Three Point Era
2544,LeBron James,2015-16,CLE,Forward,6-9,250,1984-12-30,30,76.0,35.6,25.3,7.4,6.8,1.4,0.6,3.3,0.52,0.309,0.731,114.0,102.6,11.4,0.588,0.305,8.1,1,1,Three Point Era
2544,LeBron James,2016-17,CLE,Forward,6-9,250,1984-12-30,31,74.0,37.8,26.4,8.6,8.7,1.2,0.6,4.1,0.548,0.363,0.674,116.7,108.5,8.3,0.619,0.292,6.5,0,0,Three Point Era
2544,LeBron James,2017-18,CLE,Forward,6-9,250,1984-12-30,32,82.0,36.9,27.5,8.6,9.1,1.4,0.9,4.2,0.542,0.367,0.731,113.7,112.1,1.6,0.621,0.31,1.3,1,0,Three Point Era
2544,LeBron James,2018-19,LAL,Forward,6-9,250,1984-12-30,33,55.0,35.2,27.4,8.5,8.3,1.3,0.6,3.6,0.51,0.339,0.665,109.6,107.6,2.0,0.588,0.311,2.1,0,0,Three Point Era
2544,LeBron James,2019-20,LAL,Forward,6-9,250,1984-12-30,34,67.0,34.6,25.3,7.8,10.2,1.2,0.5,3.9,0.493,0.348,0.693,112.1,103.6,8.5,0.577,0.308,6.6,1,1,Three Point Era
1938,Manu Ginobili,2002-03,SAS,Guard,6-6,205,1977-07-28,25,69.0,20.8,7.6,2.3,2.0,1.4,0.2,1.4,0.438,0.345,0.737,102.6,97.1,5.5,0.556,0.178,2.2,1,1,Early Modern Era
1938,Manu Ginobili,2003-04,SAS,Guard,6-6,205,1977-07-28,26,77.0,29.3,12.8,4.5,3.8,1.8,0.2,2.1,0.418,0.359,0.802,101.8,92.9,8.9,0.536,0.211,5.3,0,0,Early Modern Era
1938,Manu Ginobili,2004-05,SAS,Guard,6-6,205,1977-07-28,27,74.0,29.7,16.0,4.4,3.9,1.6,0.4,2.3,0.471,0.376,0.803,109.5,93.0,16.5,0.609,0.235,9.1,1,1,Early Modern Era
1938,Manu Ginobili,2005-06,SAS,Guard,6-6,205,1977-07-28,28,65.0,27.9,15.1,3.5,3.6,1.6,0.4,1.9,0.462,0.382,0.778,107.9,96.5,11.4,0.593,0.238,6.3,0,0,Pace Transition Era
1938,Manu Ginobili,2006-07,SAS,Guard,6-6,205,1977-07-28,29,75.0,27.5,16.5,4.4,3.5,1.5,0.4,2.1,0.464,0.396,0.86,109.1,95.1,14.0,0.609,0.259,7.2,1,1,Pace Transition Era
1938,Manu Ginobili,2007-08,SAS,Guard,6-6,205,1977-07-28,30,74.0,31.1,19.5,4.8,4.5,1.5,0.4,2.7,0.46,0.401,0.86,106.8,98.2,8.6,0.612,0.274,5.8,0,0,Pace Transition Era
1938,Manu Ginobili,2008-09,SAS,Guard,6-6,205,1977-07-28,31,44.0,26.8,15.5,4.5,3.6,1.5,0.4,2.0,0.454,0.33,0.884,107.1,103.7,3.3,0.594,0.256,2.0,0,0,Pace Transition Era
1938,Manu Ginobili,2009-10,SAS,Guard,6-6,205,1977-07-28,32,75.0,28.7,16.5,3.8,4.9,1.4,0.3,2.1,0.441,0.377,0.87,110.8,102.6,8.2,0.584,0.247,5.2,0,0,Pace Transition Era
1938,Manu Ginobili,2010-11,SAS,Guard,6-6,205,1977-07-28,33,80.0,30.3,17.4,3.7,4.9,1.5,0.4,2.2,0.433,0.349,0.871,111.8,100.7,11.0,0.581,0.248,6.8,0,0,Pace Transition Era
1938,Manu Ginobili,2011-12,SAS,Guard,6-6,205,1977-07-28,34,34.0,23.3,12.9,3.4,4.4,0.7,0.4,1.9,0.526,0.413,0.871,117.5,102.7,14.8,0.668,0.217,6.6,0,0,Pace Transition Era
1938,Manu Ginobili,2012-13,SAS,Guard,6-6,205,1977-07-28,35,60.0,23.2,11.8,3.4,4.6,1.3,0.2,2.2,0.425,0.353,0.796,105.6,97.5,8.1,0.56,0.238,3.9,1,0,Three Point Era
1938,Manu Ginobili,2013-14,SAS,Guard,6-6,205,1977-07-28,36,68.0,22.8,12.3,3.0,4.3,1.0,0.3,2.0,0.469,0.349,0.851,112.2,99.3,12.9,0.59,0.238,6.2,1,1,Three Point Era
1938,Manu Ginobili,2014-15,SAS,Guard,6-6,205,1977-07-28,37,70.0,22.7,10.5,3.0,4.2,1.0,0.3,2.2,0.426,0.345,0.721,106.1,96.4,9.8,0.544,0.231,4.5,0,0,Three Point Era
1938,Manu Ginobili,2015-16,SAS,Guard,6-6,205,1977-07-28,38,58.0,19.6,9.6,2.5,3.1,1.1,0.2,1.7,0.453,0.391,0.813,107.8,93.1,14.6,0.573,0.227,5.7,0,0,Three Point Era
1938,Manu Ginobili,2016-17,SAS,Guard,6-6,205,1977-07-28,39,69.0,18.7,7.5,2.3,2.7,1.2,0.2,1.4,0.39,0.392,0.804,109.8,100.3,9.5,0.532,0.188,3.7,0,0,Three Point Era
1938,Manu Ginobili,2017-18,SAS,Guard,6-6,205,1977-07-28,40,65.0,20.0,8.9,2.2,2.5,0.7,0.2,1.6,0.434,0.333,0.84,107.7,105.6,2.1,0.553,0.205,1.1,0,0,Three Point Era
893,Michael Jordan,2001-02,WAS,Guard,6-6,216,1963-02-17,38,60.0,34.8,22.9,5.7,5.2,1.4,0.4,2.7,0.416,0.189,0.79,105.3,105.7,-0.3,0.468,0.356,0.3,0,0,Early Modern Era
893,Michael Jordan,2002-03,WAS,Guard,6-6,216,1963-02-17,39,82.0,36.9,20.0,6.1,3.8,1.5,0.5,2.1,0.445,0.291,0.821,102.0,102.3,-0.3,0.491,0.284,0.1,0,0,Early Modern Era
121,Patrick Ewing,2000-01,SEA,Center,7-0,255,1962-08-05,38,79.0,26.6,9.6,7.4,1.2,0.7,1.2,1.9,0.43,0.0,0.685,100.4,104.1,-3.7,0.478,0.201,-2.0,0,0,Early Modern Era
121,Patrick Ewing,2001-02,ORL,Center,7-0,255,1962-08-05,39,65.0,13.8,6.0,4.0,0.5,0.3,0.7,1.0,0.444,0.0,0.701,100.7,102.6,-1.9,0.497,0.223,-0.3,0,0,Early Modern Era
2200,Pau Gasol,2001-02,MEM,Center-Forward,7-0,250,1980-07-06,21,82.0,36.6,17.6,8.9,2.7,0.5,2.1,2.7,0.518,0.2,0.709,97.8,103.1,-5.3,0.566,0.223,-3.8,0,0,Early Modern Era
2200,Pau Gasol,2002-03,MEM,Center-Forward,7-0,250,1980-07-06,22,82.0,35.9,19.0,8.8,2.8,0.4,1.8,2.6,0.51,0.1,0.736,104.9,107.3,-2.5,0.57,0.236,-1.7,0,0,Early Modern Era
2200,Pau Gasol,2003-04,MEM,Center-Forward,7-0,250,1980-07-06,23,78.0,31.4,17.7,7.7,2.5,0.6,1.7,2.4,0.482,0.267,0.714,105.7,103.6,2.1,0.542,0.264,1.4,0,0,Early Modern Era
2200,Pau Gasol,2004-05,MEM,Center-Forward,7-0,250,1980-07-06,24,56.0,31.8,17.8,7.3,2.4,0.7,1.7,2.4,0.514,0.167,0.768,105.9,101.8,4.0,0.582,0.257,2.6,0,0,Early Modern Era
2200,Pau Gasol,2005-06,MEM,Center-Forward,7-0,250,1980-07-06,25,80.0,39.2,20.4,8.9,4.6,0.6,1.9,2.9,0.503,0.25,0.689,105.3,100.2,5.1,0.555,0.261,3.8,0,0,Pace Transition Era
2200,Pau Gasol,2006-07,MEM,Center-Forward,7-0,250,1980-07-06,26,59.0,36.1,20.8,9.8,3.4,0.5,2.1,2.7,0.538,0.273,0.748,107.1,112.6,-5.5,0.593,0.247,-4.1,0,0,Pace Transition Era
2200,Pau Gasol,2007-08,LAL,Center-Forward,7-0,250,1980-07-06,27,66.0,35.6,18.9,8.4,3.2,0.5,1.5,1.9,0.534,0.25,0.807,110.1,105.5,4.6,0.594,0.223,3.3,0,0,Pace Transition Era
2200,Pau Gasol,2008-09,LAL,Center-Forward,7-0,250,1980-07-06,28,81.0,37.0,18.9,9.6,3.5,0.6,1.0,1.9,0.567,0.5,0.781,113.1,103.7,9.4,0.617,0.203,7.0,0,0,Pace Transition Era
2200,Pau Gasol,2009-10,LAL,Center-Forward,7-0,250,1980-07-06,29,65.0,37.0,18.3,11.3,3.4,0.6,1.7,2.2,0.536,0.0,0.79,109.4,103.3,6.0,0.593,0.21,4.8,0,0,Pace Transition Era
2200,Pau Gasol,2010-11,LAL,Center-Forward,7-0,250,1980-07-06,30,82.0,37.0,18.8,10.2,3.3,0.6,1.6,1.7,0.529,0.333,0.823,110.8,102.1,8.6,0.589,0.214,6.5,0,0,Pace Transition Era
2200,Pau Gasol,2011-12,LAL,Center-Forward,7-0,250,1980-07-06,31,65.0,37.4,17.4,10.4,3.6,0.6,1.4,2.2,0.501,0.259,0.782,104.5,101.4,3.1,0.547,0.217,2.4,0,0,Pace Transition Era
2200,Pau Gasol,2012-13,LAL,Center-Forward,7-0,250,1980-07-06,32,49.0,33.8,13.7,8.6,4.1,0.5,1.2,2.1,0.466,0.286,0.702,106.6,103.7,2.9,0.512,0.203,2.0,0,0,Three Point Era
2200,Pau Gasol,2013-14,LAL,Center-Forward,7-0,250,1980-07-06,33,60.0,31.4,17.4,9.7,3.4,0.5,1.5,2.4,0.48,0.286,0.736,102.2,110.8,-8.6,0.522,0.261,-5.9,0,0,Three Point Era
2200,Pau Gasol,2014-15,CHI,Center-Forward,7-0,250,1980-07-06,34,78.0,34.4,18.5,11.8,2.7,0.3,1.9,2.0,0.494,0.462,0.803,106.1,102.9,3.2,0.55,0.242,2.4,0,0,Three Point Era
2200,Pau Gasol,2015-16,CHI,Center-Forward,7-0,250,1980-07-06,35,72.0,31.8,16.5,11.0,4.1,0.6,2.0,2.3,0.469,0.348,0.792,104.2,104.4,-0.2,0.529,0.244,0.0,0,0,Three Point Era
2200,Pau Gasol,2016-17,SAS,Center-Forward,7-0,250,1980-07-06,36,64.0,25.4,12.4,7.8,2.3,0.4,1.1,1.3,0.502,0.538,0.707,110.8,104.0,6.8,0.578,0.213,3.5,0,0,Three Point Era
2200,Pau Gasol,2017-18,SAS,Center-Forward,7-0,250,1980-07-06,37,77.0,23.5,10.1,8.0,3.1,0.3,1.0,1.4,0.458,0.358,0.756,102.6,101.6,1.0,0.539,0.201,0.8,0,0,Three Point Era
2200,Pau Gasol,2018-19,MIL,Center-Forward,7-0,250,1980-07-06,38,30.0,12.0,3.9,4.6,1.7,0.2,0.5,0.5,0.447,0.462,0.7,104.9,111.1,-6.2,0.529,0.151,-1.1,0,0,Three Point Era
202331,Paul George,2010-11,IND,Forward,6-8,230,1990-05-02,20,61.0,20.7,7.8,3.7,1.1,1.0,0.4,1.1,0.453,0.297,0.762,104.2,104.1,0.0,0.542,0.172,-0.1,0,0,Pace Transition Era
202331,Paul George,2011-12,IND,Forward,6-8,230,1990-05-02,21,66.0,29.7,12.1,5.6,2.4,1.6,0.6,1.8,0.44,0.385,0.802,105.5,99.1,6.4,0.555,0.191,3.7,0,0,Pace Transition Era
202331,Paul George,2012-13,IND,Forward,6-8,230,1990-05-02,22,79.0,37.6,17.4,7.6,4.1,1.8,0.6,2.9,0.419,0.362,0.807,104.4,98.1,6.4,0.531,0.231,4.6,0,0,Three Point Era
202331,Paul George,2013-14,IND,Forward,6-8,230,1990-05-02,23,80.0,36.2,21.7,6.8,3.5,1.9,0.3,2.8,0.424,0.364,0.864,104.5,98.0,6.5,0.555,0.278,4.6,0,0,Three Point Era
202331,Paul George,2014-15,IND,Forward,6-8,230,1990-05-02,24,6.0,15.2,8.8,3.7,1.0,0.8,0.2,2.0,0.367,0.409,0.727,101.7,92.2,9.5,0.492,0.319,2.5,0,0,Three Point Era
202331,Paul George,2015-16,IND,Forward,6-8,230,1990-05-02,25,81.0,34.8,23.1,7.0,4.1,1.9,0.4,3.3,0.418,0.371,0.86,104.3,101.5,2.8,0.557,0.296,2.2,0,0,Three Point Era
202331,Paul George,2016-17,IND,Forward,6-8,230,1990-05-02,26,75.0,35.9,23.7,6.6,3.3,1.6,0.4,2.9,0.461,0.393,0.898,110.2,107.2,3.1,0.587,0.287,2.2,0,0,Three Point Era
202331,Paul George,2017-18,OKC,Forward,6-8,230,1990-05-02,27,79.0,36.6,21.9,5.7,3.3,2.0,0.5,2.7,0.43,0.401,0.822,109.7,106.0,3.7,0.57,0.248,2.9,0,0,Three Point Era
202331,Paul George,2018-19,OKC,Forward,6-8,230,1990-05-02,28,77.0,36.9,28.0,8.2,4.1,2.2,0.4,2.7,0.438,0.386,0.839,112.1,103.9,8.2,0.583,0.285,6.4,0,0,Three Point Era
202331,Paul George,2019-20,LAC,Forward,6-8,230,1990-05-02,29,48.0,29.6,21.5,5.7,3.9,1.4,0.4,2.6,0.439,0.412,0.876,115.0,106.3,8.7,0.589,0.292,5.4,0,0,Three Point Era
739,Rasheed Wallace,2000-01,POR,Forward-Center,6-11,230,1974-09-17,26,77.0,38.2,19.2,7.8,2.8,1.2,1.8,2.1,0.501,0.321,0.766,105.2,99.0,6.2,0.56,0.232,4.8,0,0,Early Modern Era
739,Rasheed Wallace,2001-02,POR,Forward-Center,6-11,230,1974-09-17,27,79.0,37.5,19.3,8.2,1.9,1.3,1.3,1.7,0.469,0.36,0.734,107.2,100.6,6.6,0.54,0.234,4.6,0,0,Early Modern Era
739,Rasheed Wallace,2002-03,POR,Forward-Center,6-11,230,1974-09-17,28,74.0,36.3,18.1,7.4,2.1,0.9,1.0,1.9,0.471,0.358,0.735,104.8,99.3,5.5,0.552,0.231,3.8,0,0,Early Modern Era
739,Rasheed Wallace,2003-04,DET,Forward-Center,6-11,230,1974-09-17,29,68.0,35.2,16.0,6.8,2.3,0.9,1.8,1.8,0.436,0.331,0.736,103.2,98.9,4.2,0.51,0.231,2.8,1,1,Early Modern Era
739,Rasheed Wallace,2004-05,DET,Forward-Center,6-11,230,1974-09-17,30,79.0,34.1,14.5,8.2,1.8,0.8,1.5,1.6,0.44,0.318,0.697,105.1,97.5,7.6,0.499,0.22,4.7,0,0,Early Modern Era
739,Rasheed Wallace,2005-06,DET,Forward-Center,6-11,230,1974-09-17,31,80.0,34.7,15.1,6.8,2.3,1.0,1.6,1.1,0.43,0.357,0.743,111.4,99.0,12.4,0.527,0.212,7.7,0,0,Pace Transition Era
739,Rasheed Wallace,2006-07,DET,Forward-Center,6-11,230,1974-09-17,32,75.0,32.3,12.3,7.2,1.7,1.0,1.6,1.3,0.423,0.351,0.788,107.9,103.4,4.5,0.513,0.198,2.9,0,0,Pace Transition Era
739,Rasheed Wallace,2007-08,DET,Forward-Center,6-11,230,1974-09-17,33,77.0,30.5,12.7,6.6,1.8,1.2,1.7,1.1,0.432,0.356,0.767,110.8,100.0,10.8,0.523,0.208,5.8,0,0,Pace Transition Era
739,Rasheed Wallace,2008-09,DET,Forward-Center,6-11,230,1974-09-17,34,66.0,32.2,12.0,7.4,1.4,0.9,1.3,0.9,0.419,0.354,0.772,106.3,104.8,1.5,0.52,0.184,1.3,0,0,Pace Transition Era
739,Rasheed Wallace,2009-10,BOS,Forward-Center,6-11,230,1974-09-17,35,79.0,22.5,9.0,4.1,1.0,1.0,0.9,0.8,0.409,0.283,0.768,104.3,102.5,1.8,0.504,0.2,0.7,0,0,Pace Transition Era
739,Rasheed Wallace,2012-13,NYK,Forward-Center,6-11,230,1974-09-17,38,21.0,14.1,7.0,4.0,0.3,0.6,0.7,0.5,0.387,0.319,0.7,99.6,97.7,1.9,0.484,0.261,0.3,0,0,Three Point Era
951,Ray Allen,2000-01,MIL,Guard,6-5,205,1975-07-20,25,82.0,38.2,22.0,5.2,4.6,1.5,0.2,2.5,0.48,0.433,0.888,108.3,102.3,6.0,0.61,0.238,4.2,0,0,Early Modern Era
951,Ray Allen,2001-02,MIL,Guard,6-5,205,1975-07-20,26,69.0,36.6,21.8,4.5,3.9,1.3,0.3,2.3,0.462,0.434,0.873,106.1,104.8,1.2,0.598,0.258,0.7,0,0,Early Modern Era
951,Ray Allen,2002-03,SEA,Guard,6-5,205,1975-07-20,27,76.0,37.9,22.5,5.0,4.4,1.4,0.2,2.6,0.439,0.377,0.916,107.0,104.1,2.9,0.565,0.275,2.2,0,0,Early Modern Era
951,Ray Allen,2003-04,SEA,Guard,6-5,205,1975-07-20,28,56.0,38.5,23.0,5.1,4.8,1.3,0.2,2.8,0.44,0.392,0.904,109.0,106.6,2.4,0.566,0.273,1.6,0,0,Early Modern Era
951,Ray Allen,2004-05,SEA,Guard,6-5,205,1975-07-20,29,78.0,39.3,23.9,4.4,3.7,1.1,0.1,2.2,0.428,0.376,0.883,111.5,107.4,4.1,0.555,0.27,3.5,0,0,Early Modern Era
951,Ray Allen,2005-06,SEA,Guard,6-5,205,1975-07-20,30,78.0,38.7,25.1,4.3,3.7,1.3,0.2,2.4,0.454,0.412,0.903,111.9,112.5,-0.6,0.59,0.269,-0.7,0,0,Pace Transition Era
951,Ray Allen,2006-07,SEA,Guard,6-5,205,1975-07-20,31,55.0,40.3,26.4,4.5,4.1,1.5,0.2,2.8,0.438,0.372,0.903,108.0,109.0,-1.0,0.564,0.287,-0.9,0,0,Pace Transition Era
951,Ray Allen,2007-08,BOS,Guard,6-5,205,1975-07-20,32,73.0,35.9,17.4,3.7,3.1,0.9,0.2,1.7,0.445,0.398,0.907,111.4,99.0,12.4,0.584,0.212,8.4,1,1,Pace Transition Era
951,Ray Allen,2008-09,BOS,Guard,6-5,205,1975-07-20,33,79.0,36.4,18.2,3.5,2.8,0.9,0.2,1.7,0.48,0.409,0.952,111.5,100.5,10.9,0.624,0.203,7.9,0,0,Pace Transition Era
951,Ray Allen,2009-10,BOS,Guard,6-5,205,1975-07-20,34,80.0,35.2,16.3,3.2,2.6,0.8,0.3,1.6,0.477,0.363,0.913,108.8,101.6,7.2,0.601,0.195,5.2,0,0,Pace Transition Era
951,Ray Allen,2010-11,BOS,Guard,6-5,205,1975-07-20,35,80.0,36.1,16.5,3.4,2.7,1.0,0.2,1.5,0.491,0.444,0.881,108.0,99.7,8.2,0.615,0.192,5.7,0,0,Pace Transition Era
951,Ray Allen,2011-12,BOS,Guard,6-5,205,1975-07-20,36,46.0,34.0,14.2,3.1,2.4,1.1,0.2,1.5,0.458,0.453,0.915,101.8,99.2,2.7,0.607,0.178,2.1,1,0,Pace Transition Era
951,Ray Allen,2012-13,MIA,Guard,6-5,205,1975-07-20,37,79.0,25.8,10.9,2.7,1.7,0.8,0.2,1.3,0.449,0.419,0.886,108.6,104.8,3.8,0.599,0.185,2.2,1,1,Three Point Era
951,Ray Allen,2013-14,MIA,Guard,6-5,205,1975-07-20,38,73.0,26.5,9.6,2.8,2.0,0.7,0.1,1.2,0.442,0.375,0.905,108.4,104.8,3.7,0.59,0.162,2.2,0,0,Three Point Era
397,Reggie Miller,2000-01,IND,Guard,6-7,195,1965-08-24,35,81.0,39.3,18.9,3.5,3.2,1.0,0.2,1.6,0.44,0.366,0.928,101.7,101.7,0.1,0.574,0.21,0.0,0,0,Early Modern Era
397,Reggie Miller,2001-02,IND,Guard,6-7,195,1965-08-24,36,79.0,36.6,16.5,2.8,3.2,1.1,0.1,1.5,0.453,0.406,0.911,104.1,104.5,-0.4,0.617,0.18,-0.1,0,0,Early Modern Era
397,Reggie Miller,2002-03,IND,Guard,6-7,195,1965-08-24,37,70.0,30.3,12.6,2.5,2.4,0.9,0.1,0.9,0.441,0.355,0.9,103.6,99.2,4.4,0.597,0.165,2.9,0,0,Early Modern Era
397,Reggie Miller,2003-04,IND,Guard,6-7,195,1965-08-24,38,80.0,28.3,10.0,2.4,3.1,0.8,0.1,0.9,0.438,0.401,0.885,103.6,92.8,10.8,0.6,0.144,6.3,0,0,Early Modern Era
397,Reggie Miller,2004-05,IND,Guard,6-7,195,1965-08-24,39,66.0,32.0,14.8,2.4,2.2,0.8,0.1,1.2,0.437,0.322,0.933,106.5,101.1,5.5,0.582,0.198,3.6,0,0,Early Modern Era
1888,Richard Hamilton,2000-01,WAS,Guard,6-7,193,1978-02-14,22,78.0,32.3,18.1,3.1,2.9,1.0,0.1,2.6,0.438,0.274,0.868,100.2,106.6,-6.4,0.508,0.276,-4.3,0,0,Early Modern Era
1888,Richard Hamilton,2001-02,WAS,Guard,6-7,193,1978-02-14,23,63.0,34.9,20.0,3.4,2.7,0.6,0.2,2.1,0.435,0.381,0.89,103.3,103.9,-0.7,0.511,0.281,-0.4,0,0,Early Modern Era
1888,Richard Hamilton,2002-03,DET,Guard,6-7,193,1978-02-14,24,82.0,32.2,19.7,3.9,2.5,0.8,0.2,2.4,0.443,0.269,0.833,101.4,98.1,3.3,0.531,0.308,2.2,0,0,Early Modern Era
1888,Richard Hamilton,2003-04,DET,Guard,6-7,193,1978-02-14,25,78.0,35.7,17.6,3.6,4.0,1.3,0.2,2.7,0.455,0.265,0.868,101.4,94.4,7.0,0.522,0.248,5.1,1,1,Early Modern Era
1888,Richard Hamilton,2004-05,DET,Guard,6-7,193,1978-02-14,26,76.0,38.6,18.7,3.9,4.9,1.0,0.2,2.9,0.44,0.305,0.858,105.7,97.8,7.8,0.528,0.245,5.6,0,0,Early Modern Era
1888,Richard Hamilton,2005-06,DET,Guard,6-7,193,1978-02-14,27,80.0,35.3,20.1,3.2,3.4,0.7,0.2,2.2,0.491,0.458,0.845,109.9,100.2,9.6,0.553,0.272,6.5,0,0,Pace Transition Era
1888,Richard Hamilton,2006-07,DET,Guard,6-7,193,1978-02-14,28,75.0,36.8,19.8,3.8,3.8,0.8,0.2,2.1,0.468,0.341,0.861,108.8,101.7,7.1,0.551,0.255,4.7,0,0,Pace Transition Era
1888,Richard Hamilton,2007-08,DET,Guard,6-7,193,1978-02-14,29,72.0,33.7,17.3,3.3,4.2,1.0,0.1,1.8,0.484,0.44,0.833,110.6,102.3,8.2,0.552,0.242,5.3,0,0,Pace Transition Era
1888,Richard Hamilton,2008-09,DET,Guard,6-7,193,1978-02-14,30,67.0,34.0,18.3,3.1,4.4,0.6,0.1,2.0,0.447,0.368,0.848,105.4,105.4,0.0,0.529,0.264,0.1,0,0,Pace Transition Era
1888,Richard Hamilton,2009-10,DET,Guard,6-7,193,1978-02-14,31,46.0,33.7,18.1,2.7,4.4,0.7,0.1,2.5,0.409,0.297,0.846,103.9,109.4,-5.5,0.505,0.271,-3.0,0,0,Pace Transition Era
1888,Richard Hamilton,2010-11,DET,Guard,6-7,193,1978-02-14,32,55.0,27.2,14.1,2.3,3.1,0.7,0.1,1.6,0.429,0.382,0.849,105.4,110.3,-4.9,0.52,0.255,-2.6,0,0,Pace Transition Era
1888,Richard Hamilton,2011-12,CHI,Guard,6-7,193,1978-02-14,33,28.0,24.9,11.6,2.4,3.0,0.4,0.0,1.8,0.452,0.37,0.784,107.9,100.0,7.9,0.5,0.236,4.2,0,0,Pace Transition Era
1888,Richard Hamilton,2012-13,CHI,Guard,6-7,193,1978-02-14,34,50.0,21.8,9.8,1.7,2.4,0.5,0.1,1.7,0.429,0.308,0.857,98.9,100.8,-1.9,0.481,0.244,-0.7,0,0,Three Point Era
201566,Russell Westbrook,2008-09,OKC,Guard,6-4,200,1988-11-12,19,82.0,32.5,15.3,4.9,5.3,1.3,0.2,3.3,0.398,0.271,0.815,101.8,106.7,-4.9,0.489,0.253,-3.3,0,0,Pace Transition Era
201566,Russell Westbrook,2009-10,OKC,Guard,6-4,200,1988-11-12,20,82.0,34.3,16.1,4.9,8.0,1.3,0.4,3.3,0.418,0.221,0.78,108.9,104.6,4.3,0.491,0.25,3.4,0,0,Pace Transition Era
201566,Russell Westbrook,2010-11,OKC,Guard,6-4,200,1988-11-12,21,82.0,34.7,21.9,4.6,8.2,1.9,0.4,3.9,0.442,0.33,0.842,108.9,106.8,2.1,0.538,0.311,1.4,0,0,Pace Transition Era
201566,Russell Westbrook,2011-12,OKC,Guard,6-4,200,1988-11-12,22,66.0,35.3,23.6,4.6,5.5,1.7,0.3,3.6,0.457,0.316,0.823,109.2,101.5,7.6,0.538,0.318,5.6,0,0,Pace Transition Era
201566,Russell Westbrook,2012-13,OKC,Guard,6-4,200,1988-11-12,23,82.0,34.9,23.2,5.2,7.4,1.8,0.3,3.3,0.438,0.323,0.8,112.5,101.2,11.2,0.532,0.322,7.7,0,0,Three Point Era
201566,Russell Westbrook,2013-14,OKC,Guard,6-4,200,1988-11-12,24,46.0,30.7,21.8,5.7,6.9,1.9,0.2,3.8,0.437,0.318,0.826,112.1,104.6,7.5,0.545,0.33,4.8,0,0,Three Point Era
201566,Russell Westbrook,2014-15,OKC,Guard,6-4,200,1988-11-12,25,67.0,34.4,28.1,7.3,8.6,2.1,0.2,4.4,0.426,0.299,0.835,111.0,106.3,4.7,0.536,0.368,3.7,0,0,Three Point Era
201566,Russell Westbrook,2015-16,OKC,Guard,6-4,200,1988-11-12,26,80.0,34.4,23.5,7.8,10.4,2.0,0.3,4.3,0.454,0.296,0.812,114.8,103.5,11.3,0.554,0.311,7.9,0,0,Three Point Era
201566,Russell Westbrook,2016-17,OKC,Guard,6-4,200,1988-11-12,27,81.0,34.6,31.6,10.7,10.4,1.6,0.4,5.4,0.425,0.343,0.845,110.6,106.1,4.5,0.554,0.402,3.1,0,0,Three Point Era
201566,Russell Westbrook,2017-18,OKC,Guard,6-4,200,1988-11-12,28,80.0,36.4,25.4,10.1,10.3,1.8,0.3,4.8,0.449,0.298,0.737,112.3,105.6,6.6,0.524,0.326,4.8,0,0,Three Point Era
201566,Russell Westbrook,2018-19,OKC,Guard,6-4,200,1988-11-12,29,73.0,36.0,22.9,11.1,10.7,1.9,0.5,4.5,0.428,0.29,0.656,112.4,107.4,5.0,0.501,0.301,4.0,0,0,Three Point Era
201566,Russell Westbrook,2019-20,HOU,Guard,6-4,200,1988-11-12,30,57.0,36.0,27.2,7.9,7.0,1.6,0.4,4.5,0.472,0.258,0.763,110.2,107.1,3.1,0.536,0.33,2.2,0,0,Three Point Era
937,Scottie Pippen,2000-01,POR,Forward-Guard,6-8,228,1965-09-25,35,64.0,33.3,11.3,5.2,4.6,1.5,0.5,2.4,0.451,0.344,0.739,106.0,100.6,5.5,0.541,0.176,3.7,0,0,Early Modern Era
937,Scottie Pippen,2001-02,POR,Forward-Guard,6-8,228,1965-09-25,36,62.0,32.2,10.6,5.2,5.9,1.6,0.6,2.8,0.411,0.305,0.774,105.3,102.5,2.8,0.497,0.186,1.5,0,0,Early Modern Era
937,Scottie Pippen,2002-03,POR,Forward-Guard,6-8,228,1965-09-25,37,64.0,29.9,10.8,4.3,4.5,1.6,0.4,2.6,0.444,0.286,0.818,106.3,98.4,7.9,0.52,0.195,4.5,0,0,Early Modern Era
937,Scottie Pippen,2003-04,CHI,Forward-Guard,6-8,228,1965-09-25,38,23.0,17.9,5.9,3.0,2.2,0.9,0.4,1.3,0.379,0.271,0.63,85.3,107.0,-21.7,0.448,0.192,-7.9,0,0,Early Modern Era
406,Shaquille O'Neal,2000-01,LAL,Center,7-1,325,1972-03-06,28,74.0,39.5,28.7,12.7,3.7,0.6,2.8,2.9,0.572,0.0,0.513,111.0,102.6,8.4,0.574,0.315,6.3,1,1,Early Modern Era
406,Shaquille O'Neal,2001-02,LAL,Center,7-1,325,1972-03-06,29,67.0,36.1,27.2,10.7,3.0,0.6,2.0,2.6,0.579,0.0,0.555,110.4,98.6,11.8,0.59,0.314,8.5,1,1,Early Modern Era
406,Shaquille O'Neal,2002-03,LAL,Center,7-1,325,1972-03-06,30,67.0,37.8,27.5,11.1,3.1,0.6,2.4,2.9,0.574,0.0,0.622,110.4,103.5,6.9,0.602,0.3,5.4,1,1,Early Modern Era
406,Shaquille O'Neal,2003-04,LAL,Center,7-1,325,1972-03-06,31,67.0,36.8,21.5,11.5,2.9,0.5,2.5,2.9,0.584,0.0,0.49,107.5,98.4,9.0,0.578,0.258,6.6,1,0,Early Modern Era
406,Shaquille O'Neal,2004-05,MIA,Center,7-1,325,1972-03-06,32,73.0,34.2,22.9,10.4,2.7,0.5,2.3,2.8,0.601,0.0,0.461,111.8,101.7,10.0,0.583,0.301,6.5,0,0,Early Modern Era
406,Shaquille O'Neal,2005-06,MIA,Center,7-1,325,1972-03-06,33,59.0,30.6,20.0,9.2,1.9,0.4,1.8,2.8,0.6,0.0,0.469,111.5,104.0,7.6,0.586,0.296,4.6,0,0,Pace Transition Era
406,Shaquille O'Neal,2006-07,MIA,Center,7-1,325,1972-03-06,34,40.0,28.4,17.3,7.4,2.0,0.2,1.4,2.4,0.591,0.0,0.422,104.5,102.1,2.4,0.567,0.299,1.0,0,0,Pace Transition Era
406,Shaquille O'Neal,2007-08,PHX,Center,7-1,325,1972-03-06,35,61.0,28.7,13.6,9.1,1.5,0.5,1.4,3.0,0.593,0.0,0.503,105.9,104.8,1.1,0.589,0.232,0.1,0,0,Pace Transition Era
406,Shaquille O'Neal,2008-09,PHX,Center,7-1,325,1972-03-06,36,75.0,30.0,17.8,8.4,1.7,0.7,1.4,2.2,0.609,0.0,0.595,114.3,111.3,3.0,0.623,0.243,1.8,0,0,Pace Transition Era
406,Shaquille O'Neal,2009-10,CLE,Center,7-1,325,1972-03-06,37,53.0,23.4,12.0,6.7,1.5,0.3,1.2,2.0,0.566,0.0,0.496,106.8,102.6,4.3,0.565,0.251,1.8,0,0,Pace Transition Era
406,Shaquille O'Neal,2010-11,BOS,Center,7-1,325,1972-03-06,38,37.0,20.3,9.2,4.8,0.7,0.4,1.1,1.5,0.667,0.0,0.557,112.8,98.5,14.3,0.659,0.197,5.2,1,0,Pace Transition Era
1890,Shawn Marion,2000-01,PHX,Guard-Forward,6-7,228,1978-05-07,22,79.0,36.2,17.3,10.7,2.0,1.7,1.4,1.6,0.48,0.256,0.81,99.6,94.5,5.1,0.532,0.218,3.5,0,0,Early Modern Era
1890,Shawn Marion,2001-02,PHX,Guard-Forward,6-7,228,1978-05-07,23,81.0,38.4,19.1,9.9,2.0,1.8,1.1,1.8,0.469,0.393,0.845,102.1,101.7,0.4,0.518,0.232,-0.1,0,0,Early Modern Era
1890,Shawn Marion,2002-03,PHX,Guard-Forward,6-7,228,1978-05-07,24,81.0,41.7,21.2,9.5,2.4,2.3,1.2,1.9,0.452,0.387,0.851,102.6,101.3,1.2,0.538,0.227,0.7,0,0,Early Modern Era
1890,Shawn Marion,2003-04,PHX,Guard-Forward,6-7,228,1978-05-07,25,79.0,40.6,19.0,9.3,2.7,2.1,1.3,2.0,0.44,0.34,0.851,100.5,103.9,-3.4,0.513,0.223,-3.0,0,0,Early Modern Era
1890,Shawn Marion,2004-05,PHX,Guard-Forward,6-7,228,1978-05-07,26,81.0,38.8,19.4,11.3,1.9,2.0,1.5,1.5,0.476,0.334,0.833,114.9,105.0,9.9,0.556,0.208,8.1,0,0,Early Modern Era
1890,Shawn Marion,2005-06,PHX,Guard-Forward,6-7,228,1978-05-07,27,81.0,40.3,21.8,11.8,1.8,2.0,1.7,1.5,0.525,0.331,0.809,109.9,103.7,6.2,0.591,0.218,5.1,0,0,Pace Transition Era
1890,Shawn Marion,2006-07,PHX,Guard-Forward,6-7,228,1978-05-07,28,80.0,37.6,17.5,9.8,1.7,2.0,1.5,1.4,0.524,0.317,0.81,114.4,104.7,9.7,0.594,0.189,7.5,0,0,Pace Transition Era
1890,Shawn Marion,2007-08,MIA,Guard-Forward,6-7,228,1978-05-07,29,63.0,36.7,15.4,10.2,2.2,2.0,1.3,1.4,0.508,0.333,0.707,109.3,104.8,4.5,0.57,0.18,3.5,0,0,Pace Transition Era
1890,Shawn Marion,2008-09,TOR,Guard-Forward,6-7,228,1978-05-07,30,69.0,35.8,12.9,8.5,2.0,1.3,1.0,1.5,0.485,0.189,0.796,105.8,106.2,-0.4,0.522,0.173,-0.5,0,0,Pace Transition Era
1890,Shawn Marion,2009-10,DAL,Guard-Forward,6-7,228,1978-05-07,31,75.0,31.8,12.0,6.4,1.4,0.9,0.8,1.3,0.508,0.158,0.755,108.1,103.1,5.0,0.535,0.178,3.1,0,0,Pace Transition Era
1890,Shawn Marion,2010-11,DAL,Guard-Forward,6-7,228,1978-05-07,32,80.0,28.2,12.5,6.9,1.4,0.9,0.6,1.6,0.52,0.152,0.768,105.0,105.0,0.0,0.551,0.21,-0.1,0,0,Pace Transition Era
1890,Shawn Marion,2011-12,DAL,Guard-Forward,6-7,228,1978-05-07,33,63.0,30.5,10.6,7.4,2.1,1.1,0.6,1.6,0.446,0.294,0.796,99.7,101.3,-1.6,0.488,0.185,-1.3,0,0,Pace Transition Era
1890,Shawn Marion,2012-13,DAL,Guard-Forward,6-7,228,1978-05-07,34,67.0,30.0,12.1,7.8,2.4,1.1,0.7,1.5,0.514,0.315,0.782,101.1,104.7,-3.6,0.553,0.185,-2.4,0,0,Three Point Era
1890,Shawn Marion,2013-14,DAL,Guard-Forward,6-7,228,1978-05-07,35,76.0,31.7,10.4,6.5,1.6,1.2,0.5,1.3,0.482,0.358,0.785,106.8,109.2,-2.4,0.537,0.155,-1.8,0,0,Three Point Era
1890,Shawn Marion,2014-15,CLE,Guard-Forward,6-7,228,1978-05-07,36,57.0,19.3,4.8,3.5,0.9,0.5,0.5,0.6,0.446,0.261,0.765,106.7,103.7,3.1,0.489,0.126,0.9,0,0,Three Point Era
201939,Stephen Curry,2009-10,GSW,Guard,6-2,185,1988-03-14,21,80.0,36.2,17.5,4.5,5.9,1.9,0.2,3.0,0.462,0.437,0.885,107.5,110.2,-2.7,0.568,0.215,-2.3,0,0,Pace Transition Era
201939,Stephen Curry,2010-11,GSW,Guard,6-2,185,1988-03-14,22,74.0,33.6,18.6,3.9,5.8,1.5,0.3,3.1,0.48,0.442,0.934,108.5,108.4,0.0,0.595,0.237,-0.2,0,0,Pace Transition Era
201939,Stephen Curry,2011-12,GSW,Guard,6-2,185,1988-03-14,23,26.0,28.1,14.7,3.4,5.3,1.5,0.3,2.5,0.49,0.455,0.809,107.5,102.1,5.4,0.605,0.23,3.0,0,0,Pace Transition Era
201939,Stephen Curry,2012-13,GSW,Guard,6-2,185,1988-03-14,24,78.0,38.2,22.9,4.0,6.9,1.6,0.2,3.1,0.451,0.453,0.9,107.0,104.7,2.3,0.589,0.257,1.7,0,0,Three Point Era
201939,Stephen Curry,2013-14,GSW,Guard,6-2,185,1988-03-14,25,78.0,36.5,24.0,4.3,8.5,1.6,0.2,3.8,0.471,0.424,0.885,110.6,101.0,9.6,0.61,0.275,7.4,0,0,Three Point Era
201939,Stephen Curry,2014-15,GSW,Guard,6-2,185,1988-03-14,26,80.0,32.7,23.8,4.3,7.7,2.0,0.2,3.1,0.487,0.443,0.914,114.7,98.5,16.3,0.638,0.277,11.5,1,1,Three Point Era
201939,Stephen Curry,2015-16,GSW,Guard,6-2,185,1988-03-14,27,79.0,34.2,30.1,5.4,6.7,2.1,0.2,3.3,0.504,0.454,0.908,117.5,99.8,17.7,0.669,0.314,12.9,1,0,Three Point Era
201939,Stephen Curry,2016-17,GSW,Guard,6-2,185,1988-03-14,28,79.0,33.4,25.3,4.5,6.6,1.8,0.2,3.0,0.468,0.411,0.898,120.1,102.7,17.4,0.624,0.286,12.8,1,1,Three Point Era
201939,Stephen Curry,2017-18,GSW,Guard,6-2,185,1988-03-14,29,51.0,32.0,26.4,5.1,6.1,1.6,0.2,3.0,0.495,0.423,0.921,120.6,107.7,13.0,0.675,0.29,9.5,1,1,Three Point Era
201939,Stephen Curry,2018-19,GSW,Guard,6-2,185,1988-03-14,30,69.0,33.8,27.3,5.3,5.2,1.3,0.4,2.8,0.472,0.437,0.916,119.5,105.8,13.7,0.641,0.292,10.0,1,0,Three Point Era
201939,Stephen Curry,2019-20,GSW,Guard,6-2,185,1988-03-14,31,5.0,27.9,20.8,5.2,6.6,1.0,0.4,3.2,0.402,0.245,1.0,108.5,123.7,-15.3,0.557,0.286,-9.0,0,0,Three Point Era
959,Steve Nash,2000-01,DAL,Guard,6-3,178,1974-02-07,26,70.0,34.1,15.6,3.2,7.3,1.0,0.1,2.9,0.487,0.406,0.895,107.9,100.9,7.0,0.603,0.205,4.6,0,0,Early Modern Era
959,Steve Nash,2001-02,DAL,Guard,6-3,178,1974-02-07,27,82.0,34.6,17.9,3.1,7.7,0.6,0.0,2.8,0.483,0.455,0.887,110.7,105.2,5.5,0.602,0.223,3.8,0,0,Early Modern Era
959,Steve Nash,2002-03,DAL,Guard,6-3,178,1974-02-07,28,82.0,33.1,17.8,2.9,7.3,1.0,0.1,2.3,0.465,0.413,0.909,111.2,101.3,9.9,0.576,0.236,6.6,0,0,Early Modern Era
959,Steve Nash,2003-04,DAL,Guard,6-3,178,1974-02-07,29,78.0,33.5,14.5,3.0,8.8,0.9,0.1,2.7,0.47,0.405,0.916,111.4,106.9,4.5,0.59,0.188,3.1,0,0,Early Modern Era
959,Steve Nash,2004-05,PHX,Guard,6-3,178,1974-02-07,30,75.0,34.2,15.5,3.3,11.5,1.0,0.1,3.3,0.502,0.431,0.887,118.6,105.7,12.9,0.606,0.201,8.9,0,0,Early Modern Era
959,Steve Nash,2005-06,PHX,Guard,6-3,178,1974-02-07,31,79.0,35.4,18.8,4.2,10.5,0.8,0.2,3.5,0.512,0.439,0.921,112.3,104.1,8.2,0.632,0.227,6.0,0,0,Pace Transition Era
959,Steve Nash,2006-07,PHX,Guard,6-3,178,1974-02-07,32,76.0,35.3,18.6,3.5,11.6,0.8,0.1,3.8,0.532,0.455,0.899,116.7,105.4,11.3,0.654,0.223,8.0,0,0,Pace Transition Era
959,Steve Nash,2007-08,PHX,Guard,6-3,178,1974-02-07,33,81.0,34.3,16.9,3.5,11.1,0.7,0.1,3.6,0.504,0.47,0.906,116.3,106.9,9.4,0.641,0.213,6.8,0,0,Pace Transition Era
959,Steve Nash,2008-09,PHX,Guard,6-3,178,1974-02-07,34,74.0,33.6,15.7,3.0,9.7,0.7,0.1,3.4,0.503,0.439,0.933,114.9,110.7,4.2,0.615,0.207,3.3,0,0,Pace Transition Era
959,Steve Nash,2009-10,PHX,Guard,6-3,178,1974-02-07,35,81.0,32.8,16.5,3.3,11.0,0.5,0.1,3.6,0.507,0.426,0.938,116.1,109.4,6.7,0.615,0.223,4.7,0,0,Pace Transition Era
959,Steve Nash,2010-11,PHX,Guard,6-3,178,1974-02-07,36,75.0,33.3,14.7,3.5,11.4,0.6,0.1,3.5,0.492,0.395,0.912,112.6,107.9,4.8,0.601,0.205,3.8,0,0,Pace Transition Era
959,Steve Nash,2011-12,PHX,Guard,6-3,178,1974-02-07,37,62.0,31.6,12.5,3.0,10.7,0.6,0.1,3.7,0.532,0.39,0.894,108.1,103.8,4.3,0.625,0.19,2.9,0,0,Pace Transition Era
959,Steve Nash,2012-13,LAL,Guard,6-3,178,1974-02-07,38,50.0,32.5,12.7,2.8,6.7,0.6,0.1,2.5,0.497,0.438,0.922,106.9,106.5,0.4,0.605,0.171,0.7,0,0,Three Point Era
959,Steve Nash,2013-14,LAL,Guard,6-3,178,1974-02-07,39,15.0,20.8,6.8,1.9,5.7,0.5,0.1,2.1,0.383,0.333,0.917,99.1,108.2,-9.1,0.488,0.184,-4.3,0,0,Three Point Era
2419,Tayshaun Prince,2002-03,DET,Forward,6-9,212,1980-02-28,22,42.0,10.4,3.3,1.1,0.6,0.2,0.3,0.5,0.449,0.426,0.647,93.0,98.1,-5.0,0.546,0.158,-0.8,0,0,Early Modern Era
2419,Tayshaun Prince,2003-04,DET,Forward,6-9,212,1980-02-28,23,82.0,32.9,10.3,4.8,2.3,0.8,0.8,1.5,0.467,0.363,0.766,100.7,93.7,7.0,0.536,0.153,4.4,1,1,Early Modern Era
2419,Tayshaun Prince,2004-05,DET,Forward,6-9,212,1980-02-28,24,82.0,37.1,14.7,5.3,3.0,0.7,0.9,1.6,0.487,0.341,0.807,105.5,97.8,7.8,0.556,0.185,5.3,0,0,Early Modern Era
2419,Tayshaun Prince,2005-06,DET,Forward,6-9,212,1980-02-28,25,82.0,35.3,14.1,4.2,2.3,0.8,0.5,1.1,0.455,0.35,0.765,111.4,98.9,12.5,0.524,0.196,7.9,0,0,Pace Transition Era
2419,Tayshaun Prince,2006-07,DET,Forward,6-9,212,1980-02-28,26,82.0,36.6,14.3,5.2,2.8,0.6,0.7,1.2,0.46,0.386,0.768,108.4,102.6,5.8,0.534,0.188,3.8,0,0,Pace Transition Era
2419,Tayshaun Prince,2007-08,DET,Forward,6-9,212,1980-02-28,27,82.0,32.9,13.2,4.9,3.3,0.5,0.4,1.1,0.448,0.363,0.768,110.7,100.7,10.0,0.516,0.199,6.2,0,0,Pace Transition Era
2419,Tayshaun Prince,2008-09,DET,Forward,6-9,212,1980-02-28,28,82.0,37.3,14.2,5.8,3.1,0.5,0.6,1.2,0.45,0.397,0.778,105.6,107.1,-1.5,0.516,0.189,-0.9,0,0,Pace Transition Era
2419,Tayshaun Prince,2009-10,DET,Forward,6-9,212,1980-02-28,29,49.0,34.0,13.5,5.1,3.3,0.7,0.4,1.2,0.486,0.37,0.714,105.9,110.6,-4.7,0.53,0.19,-3.0,0,0,Pace Transition Era
2419,Tayshaun Prince,2010-11,DET,Forward,6-9,212,1980-02-28,30,78.0,32.8,14.1,4.2,2.8,0.4,0.5,1.1,0.473,0.347,0.702,107.4,110.3,-2.9,0.511,0.209,-1.7,0,0,Pace Transition Era
2419,Tayshaun Prince,2011-12,DET,Forward,6-9,212,1980-02-28,31,63.0,33.1,12.7,4.5,2.4,0.4,0.5,1.2,0.421,0.356,0.774,100.8,107.0,-6.2,0.47,0.202,-3.8,0,0,Pace Transition Era
2419,Tayshaun Prince,2012-13,MEM,Forward,6-9,212,1980-02-28,32,82.0,32.1,10.4,4.4,2.4,0.6,0.3,1.1,0.438,0.404,0.738,103.8,101.5,2.3,0.486,0.17,1.4,0,0,Three Point Era
2419,Tayshaun Prince,2013-14,MEM,Forward,6-9,212,1980-02-28,33,76.0,25.6,6.0,3.1,1.6,0.5,0.3,0.5,0.407,0.29,0.567,103.2,101.8,1.5,0.438,0.134,0.6,0,0,Three Point Era
2419,Tayshaun Prince,2014-15,DET,Forward,6-9,212,1980-02-28,34,58.0,24.1,7.5,3.6,1.6,0.5,0.3,0.6,0.44,0.463,0.754,100.5,105.0,-4.5,0.504,0.15,-2.3,0,0,Three Point Era
2419,Tayshaun Prince,2015-16,MIN,Forward,6-9,212,1980-02-28,35,77.0,19.0,2.9,1.9,1.0,0.5,0.2,0.4,0.445,0.174,0.684,101.0,105.0,-4.0,0.466,0.081,-1.7,0,0,Three Point Era
1495,Tim Duncan,2000-01,SAS,Center-Forward,6-11,250,1976-04-25,24,82.0,38.7,22.2,12.2,3.0,0.9,2.3,3.0,0.499,0.259,0.618,105.5,94.0,11.5,0.536,0.284,8.4,0,0,Early Modern Era
1495,Tim Duncan,2001-02,SAS,Center-Forward,6-11,250,1976-04-25,25,82.0,40.6,25.5,12.7,3.7,0.7,2.5,3.2,0.508,0.1,0.799,105.9,96.7,9.2,0.576,0.289,6.8,0,0,Early Modern Era
1495,Tim Duncan,2002-03,SAS,Center-Forward,6-11,250,1976-04-25,26,81.0,39.3,23.3,12.9,3.9,0.7,2.9,3.1,0.513,0.273,0.71,105.6,96.4,9.2,0.564,0.276,6.8,1,1,Early Modern Era
1495,Tim Duncan,2003-04,SAS,Center-Forward,6-11,250,1976-04-25,27,69.0,36.6,22.3,12.4,3.1,0.9,2.7,2.7,0.501,0.167,0.599,101.5,90.1,11.4,0.534,0.296,7.9,0,0,Early Modern Era
1495,Tim Duncan,2004-05,SAS,Center-Forward,6-11,250,1976-04-25,28,66.0,33.4,20.3,11.1,2.7,0.7,2.6,1.9,0.496,0.333,0.67,109.5,93.1,16.3,0.54,0.289,10.5,1,1,Early Modern Era
1495,Tim Duncan,2005-06,SAS,Center-Forward,6-11,250,1976-04-25,29,80.0,34.8,18.6,11.0,3.2,0.9,2.0,2.5,0.484,0.4,0.629,106.6,97.1,9.5,0.523,0.274,6.5,0,0,Pace Transition Era
1495,Tim Duncan,2006-07,SAS,Center-Forward,6-11,250,1976-04-25,30,80.0,34.1,20.0,10.6,3.4,0.8,2.4,2.8,0.546,0.111,0.637,111.1,96.5,14.6,0.579,0.279,9.4,1,1,Pace Transition Era
1495,Tim Duncan,2007-08,SAS,Center-Forward,6-11,250,1976-04-25,31,78.0,34.0,19.3,11.3,2.8,0.7,1.9,2.3,0.497,0.0,0.73,108.2,99.9,8.3,0.546,0.28,5.4,0,0,Pace Transition Era
1495,Tim Duncan,2008-09,SAS,Center-Forward,6-11,250,1976-04-25,32,75.0,33.7,19.3,10.7,3.5,0.5,1.7,2.2,0.504,0.0,0.692,108.8,103.6,5.2,0.549,0.285,3.4,0,0,Pace Transition Era
1495,Tim Duncan,2009-10,SAS,Center-Forward,6-11,250,1976-04-25,33,78.0,31.3,17.9,10.1,3.2,0.6,1.5,1.8,0.518,0.182,0.725,109.3,101.1,8.2,0.56,0.263,4.9,0,0,Pace Transition Era
1495,Tim Duncan,2010-11,SAS,Center-Forward,6-11,250,1976-04-25,34,76.0,28.4,13.4,8.9,2.7,0.7,1.9,1.6,0.5,0.0,0.716,110.3,100.3,10.0,0.537,0.225,6.0,0,0,Pace Transition Era
1495,Tim Duncan,2011-12,SAS,Center-Forward,6-11,250,1976-04-25,35,58.0,28.2,15.4,9.0,2.3,0.7,1.5,1.7,0.492,0.0,0.695,107.1,97.9,9.2,0.531,0.26,5.3,0,0,Pace Transition Era
1495,Tim Duncan,2012-13,SAS,Center-Forward,6-11,250,1976-04-25,36,69.0,30.1,17.8,9.9,2.7,0.7,2.7,2.1,0.502,0.286,0.817,108.1,97.8,10.3,0.554,0.276,6.7,1,0,Three Point Era
1495,Tim Duncan,2013-14,SAS,Center-Forward,6-11,250,1976-04-25,37,74.0,29.2,15.1,9.7,3.0,0.6,1.9,2.1,0.49,0.0,0.731,108.2,101.5,6.7,0.535,0.251,4.1,1,1,Three Point Era
1495,Tim Duncan,2014-15,SAS,Center-Forward,6-11,250,1976-04-25,38,77.0,28.9,13.9,9.1,3.0,0.8,2.0,1.7,0.512,0.286,0.74,106.9,100.2,6.8,0.56,0.221,4.0,0,0,Three Point Era
1495,Tim Duncan,2015-16,SAS,Center-Forward,6-11,250,1976-04-25,39,61.0,25.2,8.6,7.3,2.7,0.8,1.3,1.5,0.488,0.0,0.702,108.1,94.5,13.6,0.523,0.171,7.0,0,0,Three Point Era
2225,Tony Parker,2001-02,SAS,Guard,6-2,185,1982-05-17,19,77.0,29.5,9.2,2.6,4.3,1.2,0.1,2.0,0.419,0.323,0.675,103.2,99.2,4.0,0.497,0.175,2.2,0,0,Early Modern Era
2225,Tony Parker,2002-03,SAS,Guard,6-2,185,1982-05-17,20,82.0,33.9,15.5,2.6,5.3,0.9,0.0,2.4,0.464,0.337,0.755,105.3,96.8,8.5,0.542,0.225,5.5,1,1,Early Modern Era
2225,Tony Parker,2003-04,SAS,Guard,6-2,185,1982-05-17,21,75.0,34.4,14.7,3.2,5.5,0.8,0.1,2.4,0.447,0.312,0.702,102.3,94.1,8.3,0.516,0.222,5.3,0,0,Early Modern Era
2225,Tony Parker,2004-05,SAS,Guard,6-2,185,1982-05-17,22,80.0,34.2,16.6,3.7,6.1,1.2,0.1,2.7,0.482,0.276,0.65,105.9,96.6,9.3,0.528,0.247,6.4,1,1,Early Modern Era
2225,Tony Parker,2005-06,SAS,Guard,6-2,185,1982-05-17,23,80.0,33.9,18.9,3.3,5.8,1.0,0.1,3.1,0.548,0.306,0.707,107.7,97.5,10.1,0.584,0.266,6.4,0,0,Pace Transition Era
2225,Tony Parker,2006-07,SAS,Guard,6-2,185,1982-05-17,24,77.0,32.5,18.6,3.2,5.5,1.1,0.1,2.5,0.52,0.395,0.783,109.0,98.3,10.6,0.572,0.272,6.7,1,1,Pace Transition Era
2225,Tony Parker,2007-08,SAS,Guard,6-2,185,1982-05-17,25,69.0,33.5,18.8,3.2,6.0,0.8,0.1,2.4,0.494,0.258,0.715,108.0,100.3,7.7,0.542,0.281,5.0,0,0,Pace Transition Era
2225,Tony Parker,2008-09,SAS,Guard,6-2,185,1982-05-17,26,72.0,34.1,22.0,3.1,6.9,0.9,0.1,2.6,0.506,0.292,0.782,110.7,104.1,6.6,0.556,0.313,4.5,0,0,Pace Transition Era
2225,Tony Parker,2009-10,SAS,Guard,6-2,185,1982-05-17,27,56.0,30.9,16.0,2.4,5.7,0.5,0.1,2.7,0.487,0.294,0.756,108.7,102.4,6.4,0.542,0.255,3.9,0,0,Pace Transition Era
2225,Tony Parker,2010-11,SAS,Guard,6-2,185,1982-05-17,28,78.0,32.4,17.5,3.1,6.6,1.2,0.0,2.6,0.519,0.357,0.769,109.0,102.5,6.4,0.569,0.251,3.9,0,0,Pace Transition Era
2225,Tony Parker,2011-12,SAS,Guard,6-2,185,1982-05-17,29,60.0,32.1,18.3,2.9,7.7,1.0,0.1,2.6,0.48,0.23,0.799,109.1,98.4,10.7,0.539,0.275,7.0,0,0,Pace Transition Era
2225,Tony Parker,2012-13,SAS,Guard,6-2,185,1982-05-17,30,66.0,32.9,20.3,3.0,7.6,0.8,0.1,2.6,0.522,0.353,0.845,108.8,98.6,10.2,0.588,0.276,6.8,1,0,Three Point Era
2225,Tony Parker,2013-14,SAS,Guard,6-2,185,1982-05-17,31,68.0,29.4,16.7,2.3,5.7,0.5,0.1,2.2,0.499,0.373,0.811,108.2,101.3,6.8,0.555,0.263,4.0,1,1,Three Point Era
2225,Tony Parker,2014-15,SAS,Guard,6-2,185,1982-05-17,32,68.0,28.7,14.4,1.9,4.9,0.6,0.0,2.1,0.486,0.427,0.783,107.9,103.1,4.7,0.539,0.242,2.9,0,0,Three Point Era
2225,Tony Parker,2015-16,SAS,Guard,6-2,185,1982-05-17,33,72.0,27.5,11.9,2.4,5.3,0.8,0.2,1.8,0.493,0.415,0.76,107.8,97.1,10.7,0.546,0.211,5.7,0,0,Three Point Era
2225,Tony Parker,2016-17,SAS,Guard,6-2,185,1982-05-17,34,63.0,25.2,10.1,1.8,4.5,0.5,0.0,1.4,0.466,0.333,0.726,109.6,103.1,6.5,0.514,0.204,2.8,0,0,Three Point Era
2225,Tony Parker,2017-18,SAS,Guard,6-2,185,1982-05-17,35,55.0,19.5,7.7,1.7,3.5,0.5,0.0,1.2,0.459,0.27,0.705,104.5,105.8,-1.2,0.498,0.201,-0.2,0,0,Three Point Era
2225,Tony Parker,2018-19,CHA,Guard,6-2,185,1982-05-17,36,56.0,17.9,9.5,1.5,3.7,0.4,0.1,1.3,0.46,0.255,0.734,107.4,107.5,-0.1,0.512,0.247,0.3,0,0,Three Point Era
2397,Yao Ming,2002-03,HOU,Center,7-6,310,1980-09-12,22,82.0,29.0,13.5,8.2,1.7,0.4,1.8,2.1,0.498,0.5,0.811,104.0,101.1,2.8,0.57,0.22,1.7,0,0,Early Modern Era
2397,Yao Ming,2003-04,HOU,Center,7-6,310,1980-09-12,23,82.0,32.9,17.5,9.0,1.5,0.3,1.9,2.5,0.522,0.0,0.809,100.8,96.8,3.9,0.586,0.249,2.5,0,0,Early Modern Era
2397,Yao Ming,2004-05,HOU,Center,7-6,310,1980-09-12,24,80.0,30.7,18.3,8.4,0.8,0.4,2.0,2.5,0.552,0.0,0.783,103.9,101.5,2.4,0.614,0.261,1.7,0,0,Early Modern Era
2397,Yao Ming,2005-06,HOU,Center,7-6,310,1980-09-12,25,57.0,34.2,22.3,10.2,1.5,0.5,1.6,2.6,0.519,0.0,0.853,101.8,99.6,2.2,0.592,0.293,1.6,0,0,Pace Transition Era
2397,Yao Ming,2006-07,HOU,Center,7-6,310,1980-09-12,26,48.0,33.8,25.0,9.4,2.0,0.4,2.0,3.5,0.516,0.0,0.862,106.2,97.4,8.9,0.601,0.324,6.2,0,0,Pace Transition Era
2397,Yao Ming,2007-08,HOU,Center,7-6,310,1980-09-12,27,55.0,37.2,22.0,10.8,2.3,0.5,2.0,3.3,0.507,0.0,0.85,104.0,99.2,4.8,0.587,0.266,3.5,0,0,Pace Transition Era
2397,Yao Ming,2008-09,HOU,Center,7-6,310,1980-09-12,28,77.0,33.6,19.7,9.9,1.8,0.4,1.9,3.0,0.548,1.0,0.866,109.0,100.1,8.9,0.618,0.258,5.8,0,0,Pace Transition Era
2397,Yao Ming,2010-11,HOU,Center,7-6,310,1980-09-12,30,5.0,18.1,10.2,5.4,0.8,0.0,1.6,1.4,0.486,0.0,0.938,99.5,112.0,-12.5,0.579,0.241,-5.4,0,0,Pace Transition Era
